ID,Date,AAPL.city,AAPL.lat,AAPL.lon,AAPL.state,AAPL.pop,AAPL.minT,AAPL.maxT,AAPL.rain,AAPL.evap,AAPL.sun
99576,1/07/2008,Adelaide,-34.9289,138.6011,South Australia,1345777,8.8,15.7,5,1.6,2.6
99577,2/07/2008,Adelaide,-34.9289,138.6011,South Australia,1345777,12.7,15.8,0.8,1.4,7.8
99578,3/07/2008,Adelaide,-34.9289,138.6011,South Australia,1345777,6.2,15.1,0,1.8,2.1
99579,4/07/2008,Adelaide,-34.9289,138.6011,South Australia,1345777,5.3,15.9,0,1.4,8
99580,5/07/2008,Adelaide,-34.9289,138.6011,South Australia,1345777,9.8,15.4,0,0,0.9
99581,6/07/2008,Adelaide,-34.9289,138.6011,South Australia,1345777,11.3,15.7,0,0,1.5
99582,7/07/2008,Adelaide,-34.9289,138.6011,South Australia,1345777,7.6,11.2,16.2,4.6,1.1
99583,8/07/2008,Adelaide,-34.9289,138.6011,South Australia,1345777,5.3,13.5,17,0.6,2.1
99584,9/07/2008,Adelaide,-34.9289,138.6011,South Australia,1345777,8.4,14.3,1.8,1.6,0.8
99585,10/07/2008,Adelaide,-34.9289,138.6011,South Australia,1345777,9.5,13.1,9,1.2,7.2
99586,11/07/2008,Adelaide,-34.9289,138.6011,South Australia,1345777,8.2,14,0.2,2.8,4.3
99587,12/07/2008,Adelaide,-34.9289,138.6011,South Australia,1345777,8.1,15.8,0,0,6.1
99588,13/07/2008,Adelaide,-34.9289,138.6011,South Australia,1345777,9.4,16.8,0,0,9.1
99589,14/07/2008,Adelaide,-34.9289,138.6011,South Australia,1345777,10,15.4,3.8,7,0.5
99590,15/07/2008,Adelaide,-34.9289,138.6011,South Australia,1345777,11.1,14.7,4,2.8,2.3
99591,16/07/2008,Adelaide,-34.9289,138.6011,South Australia,1345777,6.3,14.1,0.2,1.6,3.8
99592,17/07/2008,Adelaide,-34.9289,138.6011,South Australia,1345777,9.8,14.7,0.2,1.6,3.5
99593,18/07/2008,Adelaide,-34.9289,138.6011,South Australia,1345777,7.4,15.3,1.4,0.8,5.9
99594,19/07/2008,Adelaide,-34.9289,138.6011,South Australia,1345777,9.3,18.1,0,0,2.4
99595,20/07/2008,Adelaide,-34.9289,138.6011,South Australia,1345777,9.9,12,0,0,0.3
99596,21/07/2008,Adelaide,-34.9289,138.6011,South Australia,1345777,6.5,14.2,6.8,4,3.8
99597,22/07/2008,Adelaide,-34.9289,138.6011,South Australia,1345777,6,13.8,0,1.2,3.3
99598,23/07/2008,Adelaide,-34.9289,138.6011,South Australia,1345777,5.4,14.2,0,1,9.2
99599,24/07/2008,Adelaide,-34.9289,138.6011,South Australia,1345777,2.6,14.9,0,1.4,7.2
99600,25/07/2008,Adelaide,-34.9289,138.6011,South Australia,1345777,3.1,16.4,0,1.2,7.9
99601,26/07/2008,Adelaide,-34.9289,138.6011,South Australia,1345777,7.1,13.8,0,0,9.5
99602,27/07/2008,Adelaide,-34.9289,138.6011,South Australia,1345777,2.8,11.8,1.6,0,8.1
99603,28/07/2008,Adelaide,-34.9289,138.6011,South Australia,1345777,0.7,14,0,4.6,7.3
99604,29/07/2008,Adelaide,-34.9289,138.6011,South Australia,1345777,4.9,13,0,0.8,0.1
99605,30/07/2008,Adelaide,-34.9289,138.6011,South Australia,1345777,8.5,16.1,3.4,1.4,7.2
99606,31/07/2008,Adelaide,-34.9289,138.6011,South Australia,1345777,7.6,19.3,0.8,1.8,5
99607,1/08/2008,Adelaide,-34.9289,138.6011,South Australia,1345777,10.6,13.8,1.8,1.8,5.6
99608,2/08/2008,Adelaide,-34.9289,138.6011,South Australia,1345777,7.6,14.3,0,0,2.6
99609,3/08/2008,Adelaide,-34.9289,138.6011,South Australia,1345777,7.2,18.1,0,0,5.6
99610,4/08/2008,Adelaide,-34.9289,138.6011,South Australia,1345777,9,13.8,8.2,4.4,4.4
99611,5/08/2008,Adelaide,-34.9289,138.6011,South Australia,1345777,6.4,15,16.2,2.6,3.3
99612,6/08/2008,Adelaide,-34.9289,138.6011,South Australia,1345777,7.4,11.9,1.2,0.4,0.5
99613,7/08/2008,Adelaide,-34.9289,138.6011,South Australia,1345777,5.9,13.2,11.2,1.2,7
99614,8/08/2008,Adelaide,-34.9289,138.6011,South Australia,1345777,8.2,14.4,0.8,2,6.5
99615,9/08/2008,Adelaide,-34.9289,138.6011,South Australia,1345777,5.2,12.9,0,0,1.9
99616,10/08/2008,Adelaide,-34.9289,138.6011,South Australia,1345777,4.7,11.7,0,0,7.3
99617,11/08/2008,Adelaide,-34.9289,138.6011,South Australia,1345777,4.4,13.8,22,5,9.3
99618,12/08/2008,Adelaide,-34.9289,138.6011,South Australia,1345777,6.8,14,0.8,1.6,5.6
99619,13/08/2008,Adelaide,-34.9289,138.6011,South Australia,1345777,5.3,13.9,2.2,1.6,9.2
99620,14/08/2008,Adelaide,-34.9289,138.6011,South Australia,1345777,5.8,12.8,0,2,0.8
99621,15/08/2008,Adelaide,-34.9289,138.6011,South Australia,1345777,8.8,13.2,1.6,1.4,5.5
99622,16/08/2008,Adelaide,-34.9289,138.6011,South Australia,1345777,7.6,14.1,0,0,7.6
99623,17/08/2008,Adelaide,-34.9289,138.6011,South Australia,1345777,6.7,14.1,6.2,0,8.5
99624,18/08/2008,Adelaide,-34.9289,138.6011,South Australia,1345777,5.5,14.9,0,4.6,5.7
99625,19/08/2008,Adelaide,-34.9289,138.6011,South Australia,1345777,5.5,15.7,0,0.8,2
99626,20/08/2008,Adelaide,-34.9289,138.6011,South Australia,1345777,7,17,0,1.8,5.1
99627,21/08/2008,Adelaide,-34.9289,138.6011,South Australia,1345777,8.3,13.4,1.4,2,5.8
99628,22/08/2008,Adelaide,-34.9289,138.6011,South Australia,1345777,3.3,12.7,2,1.6,8
99629,23/08/2008,Adelaide,-34.9289,138.6011,South Australia,1345777,3.2,14.1,0.8,0,3.6
99630,24/08/2008,Adelaide,-34.9289,138.6011,South Australia,1345777,2.4,15.1,0,0,7.4
99631,25/08/2008,Adelaide,-34.9289,138.6011,South Australia,1345777,5.4,17.4,0,4.6,9.2
99632,26/08/2008,Adelaide,-34.9289,138.6011,South Australia,1345777,3.6,17.5,0,2.2,10.3
99633,27/08/2008,Adelaide,-34.9289,138.6011,South Australia,1345777,5.7,15.5,0,2.6,10.2
99634,28/08/2008,Adelaide,-34.9289,138.6011,South Australia,1345777,6.5,18.7,0,2.8,9.6
99635,29/08/2008,Adelaide,-34.9289,138.6011,South Australia,1345777,7.7,17.6,0,2.8,0.5
99636,30/08/2008,Adelaide,-34.9289,138.6011,South Australia,1345777,10.4,18.6,0,0,0.5
99637,31/08/2008,Adelaide,-34.9289,138.6011,South Australia,1345777,9.6,15.2,8.4,0,6.2
99638,1/09/2008,Adelaide,-34.9289,138.6011,South Australia,1345777,6.9,17.1,0.8,5.8,2.8
99639,2/09/2008,Adelaide,-34.9289,138.6011,South Australia,1345777,9.1,16.8,1,1.6,9.3
99640,3/09/2008,Adelaide,-34.9289,138.6011,South Australia,1345777,9.5,16.8,0,3.4,7.5
99641,4/09/2008,Adelaide,-34.9289,138.6011,South Australia,1345777,7.5,17.5,0,3,10.3
99642,5/09/2008,Adelaide,-34.9289,138.6011,South Australia,1345777,5.4,18.8,0,3.2,10.8
99643,6/09/2008,Adelaide,-34.9289,138.6011,South Australia,1345777,7.4,22.6,0,0,10.3
99644,7/09/2008,Adelaide,-34.9289,138.6011,South Australia,1345777,11.3,17,0,0,2.7
99645,8/09/2008,Adelaide,-34.9289,138.6011,South Australia,1345777,8.3,18,1,7.6,10.8
99646,9/09/2008,Adelaide,-34.9289,138.6011,South Australia,1345777,5.8,19.8,0,2.8,10.9
99647,10/09/2008,Adelaide,-34.9289,138.6011,South Australia,1345777,10.6,21.9,0,3.4,6.4
99648,11/09/2008,Adelaide,-34.9289,138.6011,South Australia,1345777,13.9,24.9,1,3.4,8.3
99649,12/09/2008,Adelaide,-34.9289,138.6011,South Australia,1345777,10.6,21.3,0,4.4,9.4
99650,13/09/2008,Adelaide,-34.9289,138.6011,South Australia,1345777,11.8,28.4,0,0,10.9
99651,14/09/2008,Adelaide,-34.9289,138.6011,South Australia,1345777,10.8,17.5,0,0,8.2
99652,15/09/2008,Adelaide,-34.9289,138.6011,South Australia,1345777,8.3,14.7,2.8,14.4,5
99653,16/09/2008,Adelaide,-34.9289,138.6011,South Australia,1345777,7.7,15.3,0.4,3.6,6.4
99654,17/09/2008,Adelaide,-34.9289,138.6011,South Australia,1345777,6.4,21,0,2.6,9.9
99655,18/09/2008,Adelaide,-34.9289,138.6011,South Australia,1345777,14.9,24.8,0,5.4,6.8
99656,19/09/2008,Adelaide,-34.9289,138.6011,South Australia,1345777,10.5,22.2,0,4.4,10.3
99657,20/09/2008,Adelaide,-34.9289,138.6011,South Australia,1345777,10.7,17.3,1.6,0,7
99658,21/09/2008,Adelaide,-34.9289,138.6011,South Australia,1345777,7.4,22.5,0,0,9.3
99659,22/09/2008,Adelaide,-34.9289,138.6011,South Australia,1345777,13.1,15,0,12,2.6
99660,23/09/2008,Adelaide,-34.9289,138.6011,South Australia,1345777,9.5,16.8,6.2,2.6,10.5
99661,24/09/2008,Adelaide,-34.9289,138.6011,South Australia,1345777,6.4,19.4,0,3.4,9.4
99662,25/09/2008,Adelaide,-34.9289,138.6011,South Australia,1345777,7.5,23.9,0,3,11
99663,26/09/2008,Adelaide,-34.9289,138.6011,South Australia,1345777,14,28,0,5.6,11.5
99664,27/09/2008,Adelaide,-34.9289,138.6011,South Australia,1345777,14.3,33.7,0,0,10
99665,28/09/2008,Adelaide,-34.9289,138.6011,South Australia,1345777,12.4,19.1,0,0,6
99666,29/09/2008,Adelaide,-34.9289,138.6011,South Australia,1345777,9.1,16.7,1.2,16.4,11.4
99667,30/09/2008,Adelaide,-34.9289,138.6011,South Australia,1345777,6.2,22.8,0,3.6,9.7
99668,1/10/2008,Adelaide,-34.9289,138.6011,South Australia,1345777,15,27.2,0,6.8,7.7
99669,2/10/2008,Adelaide,-34.9289,138.6011,South Australia,1345777,15,24.8,0,4,8.6
99670,3/10/2008,Adelaide,-34.9289,138.6011,South Australia,1345777,12.2,20.4,0.4,4.2,0.7
99671,4/10/2008,Adelaide,-34.9289,138.6011,South Australia,1345777,8.1,17.3,0,0,11.7
99672,5/10/2008,Adelaide,-34.9289,138.6011,South Australia,1345777,6.6,22.8,0,0,11.8
99673,6/10/2008,Adelaide,-34.9289,138.6011,South Australia,1345777,11.2,22,0,0,8.7
99674,7/10/2008,Adelaide,-34.9289,138.6011,South Australia,1345777,11.2,16.4,2.8,14,3.9
99675,8/10/2008,Adelaide,-34.9289,138.6011,South Australia,1345777,7.6,18.1,0.2,2.6,8.5
99676,9/10/2008,Adelaide,-34.9289,138.6011,South Australia,1345777,8.5,21.1,1.2,2.6,12
99677,10/10/2008,Adelaide,-34.9289,138.6011,South Australia,1345777,9.2,26.6,0,4.6,12.1
99678,11/10/2008,Adelaide,-34.9289,138.6011,South Australia,1345777,10.7,29.1,0,0,12
99679,12/10/2008,Adelaide,-34.9289,138.6011,South Australia,1345777,13.4,31.9,0.6,0,8.8
99680,13/10/2008,Adelaide,-34.9289,138.6011,South Australia,1345777,13,19,0,19,11.1
99681,14/10/2008,Adelaide,-34.9289,138.6011,South Australia,1345777,9,18.4,0,5,6.2
99682,15/10/2008,Adelaide,-34.9289,138.6011,South Australia,1345777,8.3,19.8,0,4,10.7
99683,16/10/2008,Adelaide,-34.9289,138.6011,South Australia,1345777,9.5,25.5,0,4.4,12.1
99684,17/10/2008,Adelaide,-34.9289,138.6011,South Australia,1345777,12.8,31,0,5.2,12
99685,18/10/2008,Adelaide,-34.9289,138.6011,South Australia,1345777,16,34.6,0,0,9.5
99686,19/10/2008,Adelaide,-34.9289,138.6011,South Australia,1345777,13.6,22.2,0,0,12.4
99687,20/10/2008,Adelaide,-34.9289,138.6011,South Australia,1345777,10.4,20.7,0,18.8,12.4
99688,21/10/2008,Adelaide,-34.9289,138.6011,South Australia,1345777,9.4,20.3,0,5.4,12.6
99689,22/10/2008,Adelaide,-34.9289,138.6011,South Australia,1345777,9.5,20.7,0,5.6,10.6
99690,23/10/2008,Adelaide,-34.9289,138.6011,South Australia,1345777,11.2,26.6,0,4.4,5.1
99691,24/10/2008,Adelaide,-34.9289,138.6011,South Australia,1345777,15.7,30.9,0,4.4,11.7
99692,25/10/2008,Adelaide,-34.9289,138.6011,South Australia,1345777,17.6,34.7,0,0,3.5
99693,26/10/2008,Adelaide,-34.9289,138.6011,South Australia,1345777,17.1,23.7,0,0,6.9
99694,27/10/2008,Adelaide,-34.9289,138.6011,South Australia,1345777,13.6,20.1,2.8,20,5.5
99695,28/10/2008,Adelaide,-34.9289,138.6011,South Australia,1345777,9.1,24.1,0,3.2,12.8
99696,29/10/2008,Adelaide,-34.9289,138.6011,South Australia,1345777,14.5,26.8,0,6.6,12.8
99697,30/10/2008,Adelaide,-34.9289,138.6011,South Australia,1345777,18.7,29.8,0,0,12.2
99698,31/10/2008,Adelaide,-34.9289,138.6011,South Australia,1345777,14.3,18.1,0,7.6,12.1
99699,1/11/2008,Adelaide,-34.9289,138.6011,South Australia,1345777,12.8,26.2,0,0,12.1
99700,2/11/2008,Adelaide,-34.9289,138.6011,South Australia,1345777,15.4,26.3,1.4,0,6.2
99701,3/11/2008,Adelaide,-34.9289,138.6011,South Australia,1345777,13.3,21.2,0,15.2,10
99702,4/11/2008,Adelaide,-34.9289,138.6011,South Australia,1345777,11.6,25.9,0,5.8,9
99703,5/11/2008,Adelaide,-34.9289,138.6011,South Australia,1345777,14.6,23.9,0.8,4.8,9.7
99704,6/11/2008,Adelaide,-34.9289,138.6011,South Australia,1345777,12.2,29.5,0,6,8.6
99705,7/11/2008,Adelaide,-34.9289,138.6011,South Australia,1345777,18.3,22.5,0.2,8,1.4
99706,8/11/2008,Adelaide,-34.9289,138.6011,South Australia,1345777,12.5,19,1.6,0,4.7
99707,9/11/2008,Adelaide,-34.9289,138.6011,South Australia,1345777,12.7,22.7,0.2,0,9.2
99708,10/11/2008,Adelaide,-34.9289,138.6011,South Australia,1345777,11.3,28.6,0,13,12.9
99709,11/11/2008,Adelaide,-34.9289,138.6011,South Australia,1345777,17.5,34.5,0,6.6,11.7
99710,12/11/2008,Adelaide,-34.9289,138.6011,South Australia,1345777,24.1,36.6,0,11.4,9.9
99711,13/11/2008,Adelaide,-34.9289,138.6011,South Australia,1345777,22.5,26.2,0,10.2,11.3
99712,14/11/2008,Adelaide,-34.9289,138.6011,South Australia,1345777,14,20.7,0,5.6,11.1
99713,15/11/2008,Adelaide,-34.9289,138.6011,South Australia,1345777,11.4,20.2,0,0,12.3
99714,16/11/2008,Adelaide,-34.9289,138.6011,South Australia,1345777,11.8,23,0,0,9.2
99715,17/11/2008,Adelaide,-34.9289,138.6011,South Australia,1345777,12.6,27.8,0,16.4,10.8
99716,18/11/2008,Adelaide,-34.9289,138.6011,South Australia,1345777,15.7,22.2,1.4,7.2,0.8
99717,19/11/2008,Adelaide,-34.9289,138.6011,South Australia,1345777,16.8,25.1,0,5.2,1.1
99718,20/11/2008,Adelaide,-34.9289,138.6011,South Australia,1345777,13.8,20.5,0.6,3.4,8.8
99719,21/11/2008,Adelaide,-34.9289,138.6011,South Australia,1345777,12.7,19.9,0,6.2,4.3
99720,22/11/2008,Adelaide,-34.9289,138.6011,South Australia,1345777,8.1,17.1,5,0,10.7
99721,23/11/2008,Adelaide,-34.9289,138.6011,South Australia,1345777,8.7,22.3,0,0,12.1
99722,24/11/2008,Adelaide,-34.9289,138.6011,South Australia,1345777,14.1,28.3,0,15.4,11.5
99723,25/11/2008,Adelaide,-34.9289,138.6011,South Australia,1345777,18.3,31.5,0,9.8,8.1
99724,26/11/2008,Adelaide,-34.9289,138.6011,South Australia,1345777,17.3,27.9,0,7.2,12.5
99725,27/11/2008,Adelaide,-34.9289,138.6011,South Australia,1345777,16.2,25.2,0,7.6,7.7
99726,28/11/2008,Adelaide,-34.9289,138.6011,South Australia,1345777,14.2,20.3,2.6,3.6,4.9
99727,29/11/2008,Adelaide,-34.9289,138.6011,South Australia,1345777,11.6,21,0,0,13.3
99728,30/11/2008,Adelaide,-34.9289,138.6011,South Australia,1345777,11.4,25.2,0,9.6,11.1
99729,1/12/2008,Adelaide,-34.9289,138.6011,South Australia,1345777,12.6,21.3,0,6.8,9.6
99730,2/12/2008,Adelaide,-34.9289,138.6011,South Australia,1345777,13,23.2,0,5.4,11.3
99731,3/12/2008,Adelaide,-34.9289,138.6011,South Australia,1345777,13.8,23.8,0,6,11
99732,4/12/2008,Adelaide,-34.9289,138.6011,South Australia,1345777,16.7,25,0,6,0.1
99733,5/12/2008,Adelaide,-34.9289,138.6011,South Australia,1345777,18,23.2,1,2.2,3.5
99734,6/12/2008,Adelaide,-34.9289,138.6011,South Australia,1345777,13.2,23.1,0,0,6
99735,7/12/2008,Adelaide,-34.9289,138.6011,South Australia,1345777,12.5,20.8,0,0,10.2
99736,8/12/2008,Adelaide,-34.9289,138.6011,South Australia,1345777,9.4,29.3,0,14.4,11.6
99737,9/12/2008,Adelaide,-34.9289,138.6011,South Australia,1345777,16.7,26.2,1.4,6.6,7.4
99738,10/12/2008,Adelaide,-34.9289,138.6011,South Australia,1345777,14.2,28,0,6.4,12.5
99739,11/12/2008,Adelaide,-34.9289,138.6011,South Australia,1345777,18.3,29.3,0,8.2,5.3
99740,12/12/2008,Adelaide,-34.9289,138.6011,South Australia,1345777,17.3,20.7,9.8,4,5.3
99741,13/12/2008,Adelaide,-34.9289,138.6011,South Australia,1345777,14.7,19.8,23.6,0,3.1
99742,14/12/2008,Adelaide,-34.9289,138.6011,South Australia,1345777,12.1,20.4,0.6,0,7
99743,15/12/2008,Adelaide,-34.9289,138.6011,South Australia,1345777,9.8,24.3,0,13.2,12.3
99744,16/12/2008,Adelaide,-34.9289,138.6011,South Australia,1345777,15.5,25.9,0,6.4,7.5
99745,17/12/2008,Adelaide,-34.9289,138.6011,South Australia,1345777,18,29.3,0,5.6,8.7
99746,18/12/2008,Adelaide,-34.9289,138.6011,South Australia,1345777,16,22.6,0,6,10.7
99747,19/12/2008,Adelaide,-34.9289,138.6011,South Australia,1345777,11.1,24.1,0,7,12.2
99748,20/12/2008,Adelaide,-34.9289,138.6011,South Australia,1345777,15.7,30.5,0,0,12.6
99749,21/12/2008,Adelaide,-34.9289,138.6011,South Australia,1345777,21.1,34.5,0,0,8.2
99750,22/12/2008,Adelaide,-34.9289,138.6011,South Australia,1345777,19.1,24.8,0,27.2,5
99751,23/12/2008,Adelaide,-34.9289,138.6011,South Australia,1345777,16.2,27,0,4.6,8.3
99752,24/12/2008,Adelaide,-34.9289,138.6011,South Australia,1345777,14.3,30.1,0,6.4,13.8
99753,25/12/2008,Adelaide,-34.9289,138.6011,South Australia,1345777,15.6,30.8,0,0,4.6
99754,26/12/2008,Adelaide,-34.9289,138.6011,South Australia,1345777,18,33.6,0,0,13.4
99755,27/12/2008,Adelaide,-34.9289,138.6011,South Australia,1345777,18.5,25.3,2.6,20.8,12
99756,28/12/2008,Adelaide,-34.9289,138.6011,South Australia,1345777,18,24.3,0,0,3.3
99757,29/12/2008,Adelaide,-34.9289,138.6011,South Australia,1345777,15.4,22.8,0,12.8,9.3
99758,30/12/2008,Adelaide,-34.9289,138.6011,South Australia,1345777,16.9,23.1,0.2,0,7
99759,31/12/2008,Adelaide,-34.9289,138.6011,South Australia,1345777,15.8,23.3,1.2,11.8,9
99760,1/01/2009,Adelaide,-34.9289,138.6011,South Australia,1345777,16.9,22.9,0,0,10.9
99761,2/01/2009,Adelaide,-34.9289,138.6011,South Australia,1345777,13.9,24.1,0,14.2,12.6
99762,3/01/2009,Adelaide,-34.9289,138.6011,South Australia,1345777,13.8,29.1,0,0,12.7
99763,4/01/2009,Adelaide,-34.9289,138.6011,South Australia,1345777,15.1,33.3,0,0,12
99764,5/01/2009,Adelaide,-34.9289,138.6011,South Australia,1345777,14.6,30.5,0,24.6,13.3
99765,6/01/2009,Adelaide,-34.9289,138.6011,South Australia,1345777,15.2,31,0,8.2,13.3
99766,7/01/2009,Adelaide,-34.9289,138.6011,South Australia,1345777,16,25.1,0.2,8.2,9.1
99767,8/01/2009,Adelaide,-34.9289,138.6011,South Australia,1345777,14.3,23.8,0,7.4,12.7
99768,9/01/2009,Adelaide,-34.9289,138.6011,South Australia,1345777,13.8,26,0,8,9.5
99769,10/01/2009,Adelaide,-34.9289,138.6011,South Australia,1345777,13.3,28.7,0,0,12.6
99770,11/01/2009,Adelaide,-34.9289,138.6011,South Australia,1345777,14.4,28.4,0,0,12.5
99771,12/01/2009,Adelaide,-34.9289,138.6011,South Australia,1345777,14.5,35.2,0,22.6,12.4
99772,13/01/2009,Adelaide,-34.9289,138.6011,South Australia,1345777,21.1,41.3,0,10.2,10.7
99773,14/01/2009,Adelaide,-34.9289,138.6011,South Australia,1345777,20,32.3,0,12.6,12.8
99774,15/01/2009,Adelaide,-34.9289,138.6011,South Australia,1345777,15.1,25.2,0,10,11.3
99775,16/01/2009,Adelaide,-34.9289,138.6011,South Australia,1345777,14.4,27.6,0,7.4,12.6
99776,17/01/2009,Adelaide,-34.9289,138.6011,South Australia,1345777,13.3,27.2,0,0,12.9
99777,18/01/2009,Adelaide,-34.9289,138.6011,South Australia,1345777,16.5,32.9,0,0,13
99778,19/01/2009,Adelaide,-34.9289,138.6011,South Australia,1345777,19,38.5,0,24.8,13.1
99779,20/01/2009,Adelaide,-34.9289,138.6011,South Australia,1345777,19.4,36.9,0,11.4,11.9
99780,21/01/2009,Adelaide,-34.9289,138.6011,South Australia,1345777,17.4,29,0,9.2,11.8
99781,22/01/2009,Adelaide,-34.9289,138.6011,South Australia,1345777,18.4,27.6,0,7.4,11
99782,23/01/2009,Adelaide,-34.9289,138.6011,South Australia,1345777,14.3,27.6,0,7.6,11.7
99783,24/01/2009,Adelaide,-34.9289,138.6011,South Australia,1345777,17.7,24.4,1,0,12.4
99784,25/01/2009,Adelaide,-34.9289,138.6011,South Australia,1345777,13.9,30.4,0,0,12.9
99785,26/01/2009,Adelaide,-34.9289,138.6011,South Australia,1345777,16.9,36.6,0,0,13.2
99786,27/01/2009,Adelaide,-34.9289,138.6011,South Australia,1345777,21.2,43.2,0,32.2,12
99787,28/01/2009,Adelaide,-34.9289,138.6011,South Australia,1345777,30.7,45.7,0,13,12.5
99788,29/01/2009,Adelaide,-34.9289,138.6011,South Australia,1345777,33.9,43.4,0,14.6,12.9
99789,30/01/2009,Adelaide,-34.9289,138.6011,South Australia,1345777,29.4,43.1,0,13.8,13.1
99790,31/01/2009,Adelaide,-34.9289,138.6011,South Australia,1345777,27.5,41.1,0,14.4,13.1
99791,1/02/2009,Adelaide,-34.9289,138.6011,South Australia,1345777,25.9,40.6,0,0,10
99792,2/02/2009,Adelaide,-34.9289,138.6011,South Australia,1345777,28.3,38.8,0,24,11
99793,3/02/2009,Adelaide,-34.9289,138.6011,South Australia,1345777,21.5,36.3,0,11.4,13
99794,4/02/2009,Adelaide,-34.9289,138.6011,South Australia,1345777,19.3,33,0,8.6,13.1
99795,5/02/2009,Adelaide,-34.9289,138.6011,South Australia,1345777,19.1,35.6,0,8.6,12.8
99796,6/02/2009,Adelaide,-34.9289,138.6011,South Australia,1345777,21,43.9,0,8.8,12.1
99797,7/02/2009,Adelaide,-34.9289,138.6011,South Australia,1345777,25.8,41.5,0,0,11.6
99798,8/02/2009,Adelaide,-34.9289,138.6011,South Australia,1345777,18.6,24.8,0.8,0,4.3
99799,9/02/2009,Adelaide,-34.9289,138.6011,South Australia,1345777,14.7,23.3,0,27.6,12.2
99800,10/02/2009,Adelaide,-34.9289,138.6011,South Australia,1345777,13.7,21.1,0,9.4,6.4
99801,11/02/2009,Adelaide,-34.9289,138.6011,South Australia,1345777,13.2,21.3,0,5,7.3
99802,12/02/2009,Adelaide,-34.9289,138.6011,South Australia,1345777,12.5,23.8,0,4.8,12.7
99803,13/02/2009,Adelaide,-34.9289,138.6011,South Australia,1345777,15.2,28.8,0,7,12.7
99804,14/02/2009,Adelaide,-34.9289,138.6011,South Australia,1345777,18.3,31.3,0,0,12.3
99805,15/02/2009,Adelaide,-34.9289,138.6011,South Australia,1345777,17.2,30,0,0,11.7
99806,16/02/2009,Adelaide,-34.9289,138.6011,South Australia,1345777,18.8,31.7,0,24.8,12.5
99807,17/02/2009,Adelaide,-34.9289,138.6011,South Australia,1345777,20.9,34.2,0,9.4,11.8
99808,18/02/2009,Adelaide,-34.9289,138.6011,South Australia,1345777,22.2,35.4,0,9.4,12.5
99809,19/02/2009,Adelaide,-34.9289,138.6011,South Australia,1345777,20.6,33,0,8.4,7.8
99810,20/02/2009,Adelaide,-34.9289,138.6011,South Australia,1345777,16.3,24.9,0,7.8,9
99811,21/02/2009,Adelaide,-34.9289,138.6011,South Australia,1345777,16.8,26.4,0,0,12
99812,22/02/2009,Adelaide,-34.9289,138.6011,South Australia,1345777,14.5,31.4,0,0,12.5
99813,23/02/2009,Adelaide,-34.9289,138.6011,South Australia,1345777,17.3,27.6,0,18.8,11.3
99814,24/02/2009,Adelaide,-34.9289,138.6011,South Australia,1345777,13,27.4,0,7.6,11.3
99815,25/02/2009,Adelaide,-34.9289,138.6011,South Australia,1345777,16.4,32.4,0,7.2,12.3
99816,26/02/2009,Adelaide,-34.9289,138.6011,South Australia,1345777,22.5,38.7,0,9.8,12.1
99817,27/02/2009,Adelaide,-34.9289,138.6011,South Australia,1345777,26.3,32.2,0,9.6,11
99818,28/02/2009,Adelaide,-34.9289,138.6011,South Australia,1345777,14.4,29.5,0,7.6,11.9
99819,1/03/2009,Adelaide,-34.9289,138.6011,South Australia,1345777,15.2,24,0,0,5.2
99820,2/03/2009,Adelaide,-34.9289,138.6011,South Australia,1345777,17.1,28.7,0,11.8,1
99821,3/03/2009,Adelaide,-34.9289,138.6011,South Australia,1345777,20.7,23.8,1.6,3.4,0.6
99822,4/03/2009,Adelaide,-34.9289,138.6011,South Australia,1345777,14.1,21.1,10.2,3.4,6.4
99823,5/03/2009,Adelaide,-34.9289,138.6011,South Australia,1345777,13.9,21.3,0.4,4.4,5.8
99824,6/03/2009,Adelaide,-34.9289,138.6011,South Australia,1345777,14.6,22.1,0,3.6,5.5
99825,7/03/2009,Adelaide,-34.9289,138.6011,South Australia,1345777,13.4,24.4,0,0,8.2
99826,8/03/2009,Adelaide,-34.9289,138.6011,South Australia,1345777,15,26.9,0,0,11.8
99827,9/03/2009,Adelaide,-34.9289,138.6011,South Australia,1345777,15.1,29.6,0,0,11.9
99828,10/03/2009,Adelaide,-34.9289,138.6011,South Australia,1345777,15.9,29.4,0,16.6,11.3
99829,11/03/2009,Adelaide,-34.9289,138.6011,South Australia,1345777,17.4,28,0,5,10.6
99830,12/03/2009,Adelaide,-34.9289,138.6011,South Australia,1345777,16.9,30.1,0,5.4,10.7
99831,13/03/2009,Adelaide,-34.9289,138.6011,South Australia,1345777,16.9,32.7,0,7,11.3
99832,14/03/2009,Adelaide,-34.9289,138.6011,South Australia,1345777,17.9,22,0.4,0,9.7
99833,15/03/2009,Adelaide,-34.9289,138.6011,South Australia,1345777,15.1,19.8,0.2,0,3.3
99834,16/03/2009,Adelaide,-34.9289,138.6011,South Australia,1345777,14.3,20,6,14.8,3.2
99835,17/03/2009,Adelaide,-34.9289,138.6011,South Australia,1345777,14.5,22.6,0.4,3,9.8
99836,18/03/2009,Adelaide,-34.9289,138.6011,South Australia,1345777,12.2,28.4,0,4.4,8.7
99837,19/03/2009,Adelaide,-34.9289,138.6011,South Australia,1345777,16.7,26.1,0,4.8,11.4
99838,20/03/2009,Adelaide,-34.9289,138.6011,South Australia,1345777,12.5,29.8,0,4.6,10.9
99839,21/03/2009,Adelaide,-34.9289,138.6011,South Australia,1345777,16.4,35,0,0,6.4
99840,22/03/2009,Adelaide,-34.9289,138.6011,South Australia,1345777,15,22.1,0,0,11.2
99841,23/03/2009,Adelaide,-34.9289,138.6011,South Australia,1345777,11.6,24.1,0,17.8,11.1
99842,24/03/2009,Adelaide,-34.9289,138.6011,South Australia,1345777,14.8,22.8,0.6,3.4,0.2
99843,25/03/2009,Adelaide,-34.9289,138.6011,South Australia,1345777,16.3,25.6,1.6,1,11.2
99844,26/03/2009,Adelaide,-34.9289,138.6011,South Australia,1345777,16.2,24.6,0,4,10.5
99845,27/03/2009,Adelaide,-34.9289,138.6011,South Australia,1345777,10.8,23.6,0,6,11.2
99846,28/03/2009,Adelaide,-34.9289,138.6011,South Australia,1345777,10.2,29.3,0,0,11.4
99847,29/03/2009,Adelaide,-34.9289,138.6011,South Australia,1345777,11.4,31.6,0,0,11.3
99848,30/03/2009,Adelaide,-34.9289,138.6011,South Australia,1345777,15.4,32,0,16,11.1
99849,31/03/2009,Adelaide,-34.9289,138.6011,South Australia,1345777,20.4,33.1,0,7,11.1
99850,1/04/2009,Adelaide,-34.9289,138.6011,South Australia,1345777,19.3,34.1,0,7,11
99851,2/04/2009,Adelaide,-34.9289,138.6011,South Australia,1345777,21,33.9,0,7,9.4
99852,3/04/2009,Adelaide,-34.9289,138.6011,South Australia,1345777,16.4,21.7,0,6.2,8.3
99853,4/04/2009,Adelaide,-34.9289,138.6011,South Australia,1345777,11.8,20.3,0,0,7.3
99854,5/04/2009,Adelaide,-34.9289,138.6011,South Australia,1345777,14.8,21,4.6,0,7.5
99855,6/04/2009,Adelaide,-34.9289,138.6011,South Australia,1345777,13.8,17.8,0,12,1.1
99856,7/04/2009,Adelaide,-34.9289,138.6011,South Australia,1345777,12.5,21.2,0,3,9.4
99857,8/04/2009,Adelaide,-34.9289,138.6011,South Australia,1345777,11.6,22.6,0,3.4,10.9
99858,9/04/2009,Adelaide,-34.9289,138.6011,South Australia,1345777,10.2,22.3,0,5.8,10.7
99859,10/04/2009,Adelaide,-34.9289,138.6011,South Australia,1345777,9.4,22,0,0,10.7
99860,11/04/2009,Adelaide,-34.9289,138.6011,South Australia,1345777,9.8,25.3,0,0,10.8
99861,12/04/2009,Adelaide,-34.9289,138.6011,South Australia,1345777,10.5,28.7,0,0,10.9
99862,13/04/2009,Adelaide,-34.9289,138.6011,South Australia,1345777,11.3,28.5,0,0,10.5
99863,14/04/2009,Adelaide,-34.9289,138.6011,South Australia,1345777,14.1,24.9,0,17.2,9.9
99864,15/04/2009,Adelaide,-34.9289,138.6011,South Australia,1345777,14.7,18.9,0,3.4,8
99865,16/04/2009,Adelaide,-34.9289,138.6011,South Australia,1345777,11.5,20.8,0,3.8,3.1
99866,17/04/2009,Adelaide,-34.9289,138.6011,South Australia,1345777,15,21.7,0.4,2,3
99867,18/04/2009,Adelaide,-34.9289,138.6011,South Australia,1345777,11.8,22.3,0,0,8.9
99868,19/04/2009,Adelaide,-34.9289,138.6011,South Australia,1345777,12.1,22.9,0,0,10.7
99869,20/04/2009,Adelaide,-34.9289,138.6011,South Australia,1345777,11.4,26.1,0,9,8.8
99870,21/04/2009,Adelaide,-34.9289,138.6011,South Australia,1345777,14.8,27.4,0,3,2.6
99871,22/04/2009,Adelaide,-34.9289,138.6011,South Australia,1345777,14.5,28.5,0,3.8,10.4
99872,23/04/2009,Adelaide,-34.9289,138.6011,South Australia,1345777,21.3,22.2,0,6.2,0
99873,24/04/2009,Adelaide,-34.9289,138.6011,South Australia,1345777,13.1,17.8,28.8,0.6,2.4
99874,25/04/2009,Adelaide,-34.9289,138.6011,South Australia,1345777,14.4,18.4,8.4,0,1.8
99875,26/04/2009,Adelaide,-34.9289,138.6011,South Australia,1345777,9.9,16.7,18.6,0,7
99876,27/04/2009,Adelaide,-34.9289,138.6011,South Australia,1345777,11.1,19.6,10.8,6.6,7.1
99877,28/04/2009,Adelaide,-34.9289,138.6011,South Australia,1345777,8.7,17.8,2,2.2,6.1
99878,29/04/2009,Adelaide,-34.9289,138.6011,South Australia,1345777,9.6,20.2,0,1.6,10.3
99879,30/04/2009,Adelaide,-34.9289,138.6011,South Australia,1345777,8.6,19.9,0,2.2,7.6
99880,1/05/2009,Adelaide,-34.9289,138.6011,South Australia,1345777,9.8,17.4,0,1.4,0.7
99881,2/05/2009,Adelaide,-34.9289,138.6011,South Australia,1345777,7.9,18.7,8.6,0,9.6
99882,3/05/2009,Adelaide,-34.9289,138.6011,South Australia,1345777,6.4,18.7,0,0,10.1
99883,4/05/2009,Adelaide,-34.9289,138.6011,South Australia,1345777,8.2,18.1,0,5,3.4
99884,5/05/2009,Adelaide,-34.9289,138.6011,South Australia,1345777,8.1,18.9,0,0.4,6.2
99885,6/05/2009,Adelaide,-34.9289,138.6011,South Australia,1345777,10.7,18.1,0,1.4,2
99886,7/05/2009,Adelaide,-34.9289,138.6011,South Australia,1345777,12.7,18.3,0,1.4,4.4
99887,8/05/2009,Adelaide,-34.9289,138.6011,South Australia,1345777,10.5,17.7,0,1.2,5.9
99888,9/05/2009,Adelaide,-34.9289,138.6011,South Australia,1345777,13.1,17.1,0,0,0.3
99889,10/05/2009,Adelaide,-34.9289,138.6011,South Australia,1345777,12.5,16.8,0,0,5.2
99890,11/05/2009,Adelaide,-34.9289,138.6011,South Australia,1345777,7.2,19.8,0,5.4,9.8
99891,12/05/2009,Adelaide,-34.9289,138.6011,South Australia,1345777,8.2,18.8,0,2.2,9.1
99892,13/05/2009,Adelaide,-34.9289,138.6011,South Australia,1345777,9.8,16.2,2,1.4,0.7
99893,14/05/2009,Adelaide,-34.9289,138.6011,South Australia,1345777,11.7,18.5,4.8,1,4.6
99894,15/05/2009,Adelaide,-34.9289,138.6011,South Australia,1345777,13.5,17.5,1,1.2,0.5
99895,16/05/2009,Adelaide,-34.9289,138.6011,South Australia,1345777,14.6,18.3,0,0,7.8
99896,17/05/2009,Adelaide,-34.9289,138.6011,South Australia,1345777,13.7,16.1,13.8,0,0.3
99897,18/05/2009,Adelaide,-34.9289,138.6011,South Australia,1345777,13,18.6,1.6,4.2,3.1
99898,19/05/2009,Adelaide,-34.9289,138.6011,South Australia,1345777,9.2,18.6,0,1.8,7.6
99899,20/05/2009,Adelaide,-34.9289,138.6011,South Australia,1345777,7.9,19.4,0,1.2,7.4
99900,21/05/2009,Adelaide,-34.9289,138.6011,South Australia,1345777,12.1,22.8,0,1.4,9.7
99901,22/05/2009,Adelaide,-34.9289,138.6011,South Australia,1345777,13.8,22.5,0,2.6,8.6
99902,23/05/2009,Adelaide,-34.9289,138.6011,South Australia,1345777,17.4,21.5,0,0,3.4
99903,24/05/2009,Adelaide,-34.9289,138.6011,South Australia,1345777,14.8,16.4,7.8,0,0
99904,25/05/2009,Adelaide,-34.9289,138.6011,South Australia,1345777,13.8,17.9,21.4,8,4.2
99905,26/05/2009,Adelaide,-34.9289,138.6011,South Australia,1345777,8.7,17.5,1.8,0.6,7.4
99906,27/05/2009,Adelaide,-34.9289,138.6011,South Australia,1345777,7.3,17.1,0,1.2,5.2
99907,28/05/2009,Adelaide,-34.9289,138.6011,South Australia,1345777,8.5,15.2,0.2,0.8,4.2
99908,29/05/2009,Adelaide,-34.9289,138.6011,South Australia,1345777,6,13.9,0,1,1.9
99909,30/05/2009,Adelaide,-34.9289,138.6011,South Australia,1345777,5.2,16.9,0,0,9.5
99910,31/05/2009,Adelaide,-34.9289,138.6011,South Australia,1345777,10.2,18.3,0,2.2,4.2
99911,1/06/2009,Adelaide,-34.9289,138.6011,South Australia,1345777,9.2,16.6,0,1.6,2.4
99912,2/06/2009,Adelaide,-34.9289,138.6011,South Australia,1345777,10.2,16.8,0,0.8,1
99913,3/06/2009,Adelaide,-34.9289,138.6011,South Australia,1345777,6.9,17.3,3.2,0.6,9
99914,4/06/2009,Adelaide,-34.9289,138.6011,South Australia,1345777,7.2,17.1,0,1.2,3
99915,5/06/2009,Adelaide,-34.9289,138.6011,South Australia,1345777,6.9,17.8,0,0.8,4.1
99916,6/06/2009,Adelaide,-34.9289,138.6011,South Australia,1345777,10.5,15.8,3.6,0,2.4
99917,7/06/2009,Adelaide,-34.9289,138.6011,South Australia,1345777,9.5,15.9,6.2,0,3.9
99918,8/06/2009,Adelaide,-34.9289,138.6011,South Australia,1345777,10.5,14.9,3.2,0,6.4
99919,9/06/2009,Adelaide,-34.9289,138.6011,South Australia,1345777,9.1,15.3,18,7.2,7.8
99920,10/06/2009,Adelaide,-34.9289,138.6011,South Australia,1345777,4.7,15,0.8,1.4,6.5
99921,11/06/2009,Adelaide,-34.9289,138.6011,South Australia,1345777,3.5,15.6,0,1.2,8.4
99922,12/06/2009,Adelaide,-34.9289,138.6011,South Australia,1345777,9.1,13.8,0,1.6,8.4
99923,13/06/2009,Adelaide,-34.9289,138.6011,South Australia,1345777,8.9,16.3,3,0,8.4
99924,14/06/2009,Adelaide,-34.9289,138.6011,South Australia,1345777,10.2,11.9,0.6,0,0
99925,15/06/2009,Adelaide,-34.9289,138.6011,South Australia,1345777,7,17.1,7.4,3.8,9.1
99926,16/06/2009,Adelaide,-34.9289,138.6011,South Australia,1345777,7.8,17.4,0.2,0.8,7
99927,17/06/2009,Adelaide,-34.9289,138.6011,South Australia,1345777,6.8,18.2,0,1,6.1
99928,18/06/2009,Adelaide,-34.9289,138.6011,South Australia,1345777,4.5,17.3,0,0.8,8.6
99929,19/06/2009,Adelaide,-34.9289,138.6011,South Australia,1345777,6.6,18.7,0,0,7.1
99930,20/06/2009,Adelaide,-34.9289,138.6011,South Australia,1345777,12.7,15.6,0,0,3.1
99931,21/06/2009,Adelaide,-34.9289,138.6011,South Australia,1345777,5,19,0.8,0,8.9
99932,22/06/2009,Adelaide,-34.9289,138.6011,South Australia,1345777,9.5,18,0.2,7.6,9.4
99933,23/06/2009,Adelaide,-34.9289,138.6011,South Australia,1345777,9.2,14.4,0,2.8,0.4
99934,24/06/2009,Adelaide,-34.9289,138.6011,South Australia,1345777,8.7,16.2,1.2,0.6,5.6
99935,25/06/2009,Adelaide,-34.9289,138.6011,South Australia,1345777,10.2,16.1,0,1,3.2
99936,26/06/2009,Adelaide,-34.9289,138.6011,South Australia,1345777,11.6,14,3.4,0.8,3.2
99937,27/06/2009,Adelaide,-34.9289,138.6011,South Australia,1345777,10.1,16.5,0,0,3.5
99938,28/06/2009,Adelaide,-34.9289,138.6011,South Australia,1345777,10,17.6,0.2,0,5.7
99939,29/06/2009,Adelaide,-34.9289,138.6011,South Australia,1345777,9.7,19.3,0,2.8,4.2
99940,30/06/2009,Adelaide,-34.9289,138.6011,South Australia,1345777,12.3,18.8,0,3.2,2.3
99941,1/07/2009,Adelaide,-34.9289,138.6011,South Australia,1345777,10.7,15.1,16.6,2.4,1.2
99942,2/07/2009,Adelaide,-34.9289,138.6011,South Australia,1345777,10.1,14.5,6.6,0.4,1.6
99943,3/07/2009,Adelaide,-34.9289,138.6011,South Australia,1345777,12.1,16,2,0.6,3.5
99944,4/07/2009,Adelaide,-34.9289,138.6011,South Australia,1345777,11.7,16,1.4,0,5.1
99945,5/07/2009,Adelaide,-34.9289,138.6011,South Australia,1345777,7.9,15.1,0,0,1.7
99946,6/07/2009,Adelaide,-34.9289,138.6011,South Australia,1345777,3.6,13.2,0,3.6,6.3
99947,7/07/2009,Adelaide,-34.9289,138.6011,South Australia,1345777,2.9,13.7,0,1,6.4
99948,8/07/2009,Adelaide,-34.9289,138.6011,South Australia,1345777,7.1,16.1,0,1.4,9.3
99949,9/07/2009,Adelaide,-34.9289,138.6011,South Australia,1345777,5.7,17.8,0,1.8,8.4
99950,10/07/2009,Adelaide,-34.9289,138.6011,South Australia,1345777,12.7,15.7,2,3,0
99951,11/07/2009,Adelaide,-34.9289,138.6011,South Australia,1345777,12.1,17.4,13,0,2.7
99952,12/07/2009,Adelaide,-34.9289,138.6011,South Australia,1345777,10.8,16,1.2,0,3.8
99953,13/07/2009,Adelaide,-34.9289,138.6011,South Australia,1345777,10.1,14.2,4.6,4.8,5.7
99954,14/07/2009,Adelaide,-34.9289,138.6011,South Australia,1345777,7.1,11.9,10.2,1.8,2.3
99955,15/07/2009,Adelaide,-34.9289,138.6011,South Australia,1345777,5.1,13.7,11.4,0.8,7
99956,16/07/2009,Adelaide,-34.9289,138.6011,South Australia,1345777,7.9,15.3,10.4,1.2,8.6
99957,17/07/2009,Adelaide,-34.9289,138.6011,South Australia,1345777,7,16,0,1.4,4.6
99958,18/07/2009,Adelaide,-34.9289,138.6011,South Australia,1345777,9.8,16.2,0,0,4.1
99959,19/07/2009,Adelaide,-34.9289,138.6011,South Australia,1345777,10.5,18.6,0,0,8.6
99960,20/07/2009,Adelaide,-34.9289,138.6011,South Australia,1345777,12,21.7,0,6.8,8.4
99961,21/07/2009,Adelaide,-34.9289,138.6011,South Australia,1345777,14.5,19.8,0,4.4,6
99962,22/07/2009,Adelaide,-34.9289,138.6011,South Australia,1345777,9.3,14.6,3.2,2.6,2.9
99963,23/07/2009,Adelaide,-34.9289,138.6011,South Australia,1345777,3.6,15.2,2.2,1,8.9
99964,24/07/2009,Adelaide,-34.9289,138.6011,South Australia,1345777,6.1,16.2,0,1.4,7.8
99965,25/07/2009,Adelaide,-34.9289,138.6011,South Australia,1345777,8.1,16.9,0,0,9.7
99966,26/07/2009,Adelaide,-34.9289,138.6011,South Australia,1345777,10.3,14.9,0,0,2.8
99967,27/07/2009,Adelaide,-34.9289,138.6011,South Australia,1345777,10.1,14.7,1.2,5.4,1.6
99968,28/07/2009,Adelaide,-34.9289,138.6011,South Australia,1345777,10,15.6,12.6,0.2,2.8
99969,29/07/2009,Adelaide,-34.9289,138.6011,South Australia,1345777,10.5,15.6,3.6,0.6,2.5
99970,30/07/2009,Adelaide,-34.9289,138.6011,South Australia,1345777,10.4,15.9,3.4,2,1.9
99971,31/07/2009,Adelaide,-34.9289,138.6011,South Australia,1345777,9,15.7,3.4,1.2,6.1
99972,1/08/2009,Adelaide,-34.9289,138.6011,South Australia,1345777,10.4,16.2,1.8,0,4.8
99973,2/08/2009,Adelaide,-34.9289,138.6011,South Australia,1345777,7.7,17.6,0,0,9.2
99974,3/08/2009,Adelaide,-34.9289,138.6011,South Australia,1345777,5.8,16.5,1,3.8,8.3
99975,4/08/2009,Adelaide,-34.9289,138.6011,South Australia,1345777,10,15.8,0,1.8,0.7
99976,5/08/2009,Adelaide,-34.9289,138.6011,South Australia,1345777,8.6,20.2,0.2,0.6,7.4
99977,6/08/2009,Adelaide,-34.9289,138.6011,South Australia,1345777,9,23,0,2.4,8.7
99978,7/08/2009,Adelaide,-34.9289,138.6011,South Australia,1345777,10.9,15.4,1.6,4,10.2
99979,8/08/2009,Adelaide,-34.9289,138.6011,South Australia,1345777,3.3,18.1,0,0,9.7
99980,9/08/2009,Adelaide,-34.9289,138.6011,South Australia,1345777,7.4,16.8,0,0,0
99981,10/08/2009,Adelaide,-34.9289,138.6011,South Australia,1345777,12.1,18.4,0.4,6,4.4
99982,11/08/2009,Adelaide,-34.9289,138.6011,South Australia,1345777,11.3,17.1,0.6,1.4,5.8
99983,12/08/2009,Adelaide,-34.9289,138.6011,South Australia,1345777,10.8,17.6,1,1.6,6.7
99984,13/08/2009,Adelaide,-34.9289,138.6011,South Australia,1345777,6.6,18.2,0,1.4,7.5
99985,14/08/2009,Adelaide,-34.9289,138.6011,South Australia,1345777,6.3,22,0,1.4,10.4
99986,15/08/2009,Adelaide,-34.9289,138.6011,South Australia,1345777,14.1,26.7,0,0,8.6
99987,16/08/2009,Adelaide,-34.9289,138.6011,South Australia,1345777,11.3,16.5,3.8,0,5.8
99988,17/08/2009,Adelaide,-34.9289,138.6011,South Australia,1345777,11.1,17.2,2,13,8.3
99989,18/08/2009,Adelaide,-34.9289,138.6011,South Australia,1345777,6.8,21.2,0,1.6,10.4
99990,19/08/2009,Adelaide,-34.9289,138.6011,South Australia,1345777,13.8,20.9,0,4,7.3
99991,20/08/2009,Adelaide,-34.9289,138.6011,South Australia,1345777,9.8,22.4,0,2,9.9
99992,21/08/2009,Adelaide,-34.9289,138.6011,South Australia,1345777,13.6,15.7,0.4,3.8,9.9
99993,22/08/2009,Adelaide,-34.9289,138.6011,South Australia,1345777,7.9,17.4,0,0,9.9
99994,23/08/2009,Adelaide,-34.9289,138.6011,South Australia,1345777,8.8,19,0,0,7.7
99995,24/08/2009,Adelaide,-34.9289,138.6011,South Australia,1345777,9.9,14.6,2,6.4,0.7
99996,25/08/2009,Adelaide,-34.9289,138.6011,South Australia,1345777,7.7,15.3,12,2.6,2.7
99997,26/08/2009,Adelaide,-34.9289,138.6011,South Australia,1345777,10.3,15.6,4,1,4.4
99998,27/08/2009,Adelaide,-34.9289,138.6011,South Australia,1345777,7.9,17.7,0,2.4,8.3
99999,28/08/2009,Adelaide,-34.9289,138.6011,South Australia,1345777,7,22.9,0,0.4,5.1
100000,29/08/2009,Adelaide,-34.9289,138.6011,South Australia,1345777,12.9,16.4,6.6,0,1.1
100001,30/08/2009,Adelaide,-34.9289,138.6011,South Australia,1345777,9.2,15.4,15.8,0,4.3
100002,31/08/2009,Adelaide,-34.9289,138.6011,South Australia,1345777,10.5,17,2.6,8,4.9
100003,1/09/2009,Adelaide,-34.9289,138.6011,South Australia,1345777,10.9,18,1.6,2.2,7.5
100004,2/09/2009,Adelaide,-34.9289,138.6011,South Australia,1345777,11.1,21.6,0,2.6,6.1
100005,3/09/2009,Adelaide,-34.9289,138.6011,South Australia,1345777,10,17.8,0.4,3.4,8.4
100006,4/09/2009,Adelaide,-34.9289,138.6011,South Australia,1345777,9.4,15.7,3.4,2.6,7.3
100007,5/09/2009,Adelaide,-34.9289,138.6011,South Australia,1345777,11,16.4,0,0,6.4
100008,6/09/2009,Adelaide,-34.9289,138.6011,South Australia,1345777,11.3,19.3,0.2,0,6.4
100009,7/09/2009,Adelaide,-34.9289,138.6011,South Australia,1345777,11.8,17.5,2.2,9.6,7.3
100010,8/09/2009,Adelaide,-34.9289,138.6011,South Australia,1345777,10,14.8,0.2,2.6,1.1
100011,9/09/2009,Adelaide,-34.9289,138.6011,South Australia,1345777,10.6,15.5,0,1.8,1.3
100012,10/09/2009,Adelaide,-34.9289,138.6011,South Australia,1345777,4.8,22.6,0,0.6,11.1
100013,11/09/2009,Adelaide,-34.9289,138.6011,South Australia,1345777,14.2,29.4,0,6.2,6.7
100014,12/09/2009,Adelaide,-34.9289,138.6011,South Australia,1345777,11.9,30.9,0,0,7.7
100015,13/09/2009,Adelaide,-34.9289,138.6011,South Australia,1345777,12.9,18.9,0.8,0,7.5
100016,14/09/2009,Adelaide,-34.9289,138.6011,South Australia,1345777,6.5,16.9,0.6,13.4,10.7
100017,15/09/2009,Adelaide,-34.9289,138.6011,South Australia,1345777,6,24.4,0,3.4,11.2
100018,16/09/2009,Adelaide,-34.9289,138.6011,South Australia,1345777,16.3,26.2,0.2,5,1.9
100019,17/09/2009,Adelaide,-34.9289,138.6011,South Australia,1345777,14.2,17.4,8.8,2,7.1
100020,18/09/2009,Adelaide,-34.9289,138.6011,South Australia,1345777,6.2,22,0.2,3.4,11.2
100021,19/09/2009,Adelaide,-34.9289,138.6011,South Australia,1345777,13.5,18.5,0,0,10.4
100022,20/09/2009,Adelaide,-34.9289,138.6011,South Australia,1345777,8.4,18.9,0,0,9.9
100023,21/09/2009,Adelaide,-34.9289,138.6011,South Australia,1345777,8.1,17.8,0.4,10,2.8
100024,22/09/2009,Adelaide,-34.9289,138.6011,South Australia,1345777,9.9,17.1,24.2,2.2,2.5
100025,23/09/2009,Adelaide,-34.9289,138.6011,South Australia,1345777,11.1,16.9,5.2,1.2,5.5
100026,24/09/2009,Adelaide,-34.9289,138.6011,South Australia,1345777,12.4,20.4,0.2,2.6,10.1
100027,25/09/2009,Adelaide,-34.9289,138.6011,South Australia,1345777,11.8,14.8,2.8,4.2,1
100028,26/09/2009,Adelaide,-34.9289,138.6011,South Australia,1345777,8.2,15.2,8.2,0,8
100029,27/09/2009,Adelaide,-34.9289,138.6011,South Australia,1345777,9.4,14.8,1.2,0,5.3
100030,28/09/2009,Adelaide,-34.9289,138.6011,South Australia,1345777,7.2,17.5,0.8,8.6,4.1
100031,29/09/2009,Adelaide,-34.9289,138.6011,South Australia,1345777,8.5,23.1,0,0.6,9
100032,30/09/2009,Adelaide,-34.9289,138.6011,South Australia,1345777,17.4,26.3,0,5.8,4
100033,1/10/2009,Adelaide,-34.9289,138.6011,South Australia,1345777,11.7,18.7,0,3.6,2.1
100034,2/10/2009,Adelaide,-34.9289,138.6011,South Australia,1345777,11.5,15.1,0,2.8,1.1
100035,3/10/2009,Adelaide,-34.9289,138.6011,South Australia,1345777,9.6,16.4,0.4,0,3.9
100036,4/10/2009,Adelaide,-34.9289,138.6011,South Australia,1345777,8.5,17.9,0,0,6.6
100037,5/10/2009,Adelaide,-34.9289,138.6011,South Australia,1345777,10.8,17.8,0,0,10.1
100038,6/10/2009,Adelaide,-34.9289,138.6011,South Australia,1345777,6,18.1,0,10.4,10.4
100039,7/10/2009,Adelaide,-34.9289,138.6011,South Australia,1345777,6.1,16.9,0,3.4,11.6
100040,8/10/2009,Adelaide,-34.9289,138.6011,South Australia,1345777,8.2,17.1,0,4,11.3
100041,9/10/2009,Adelaide,-34.9289,138.6011,South Australia,1345777,7.9,17.1,0,3.6,10.1
100042,10/10/2009,Adelaide,-34.9289,138.6011,South Australia,1345777,8.3,22.3,0,0,11.7
100043,11/10/2009,Adelaide,-34.9289,138.6011,South Australia,1345777,15.9,27.6,0,0,6.3
100044,12/10/2009,Adelaide,-34.9289,138.6011,South Australia,1345777,12.3,16.4,3,15.2,6.8
100045,13/10/2009,Adelaide,-34.9289,138.6011,South Australia,1345777,10.4,16,6.4,4,4.6
100046,14/10/2009,Adelaide,-34.9289,138.6011,South Australia,1345777,11.6,16.5,6.2,2.6,3.5
100047,15/10/2009,Adelaide,-34.9289,138.6011,South Australia,1345777,12.1,16.1,0.8,3,9.4
100048,16/10/2009,Adelaide,-34.9289,138.6011,South Australia,1345777,9.5,16.2,1.4,4,5.2
100049,17/10/2009,Adelaide,-34.9289,138.6011,South Australia,1345777,10.4,17.4,0.2,0,8.1
100050,18/10/2009,Adelaide,-34.9289,138.6011,South Australia,1345777,6.1,20.6,0,0,12.4
100051,19/10/2009,Adelaide,-34.9289,138.6011,South Australia,1345777,8.9,27.7,0,10.8,12.4
100052,20/10/2009,Adelaide,-34.9289,138.6011,South Australia,1345777,16.7,30.5,0,6.2,9.6
100053,21/10/2009,Adelaide,-34.9289,138.6011,South Australia,1345777,13.1,22.7,0,6.6,12.2
100054,22/10/2009,Adelaide,-34.9289,138.6011,South Australia,1345777,10.8,25.6,0,5.2,12.5
100055,23/10/2009,Adelaide,-34.9289,138.6011,South Australia,1345777,11.7,27.4,0,5,9.3
100056,24/10/2009,Adelaide,-34.9289,138.6011,South Australia,1345777,15.6,27.3,0,0,6.1
100057,25/10/2009,Adelaide,-34.9289,138.6011,South Australia,1345777,11.9,18.1,0,0,8.8
100058,26/10/2009,Adelaide,-34.9289,138.6011,South Australia,1345777,9.9,20.4,0,13.4,12.5
100059,27/10/2009,Adelaide,-34.9289,138.6011,South Australia,1345777,11.9,26.3,0,5,12.7
100060,28/10/2009,Adelaide,-34.9289,138.6011,South Australia,1345777,14.9,30.1,0,6,11.2
100061,29/10/2009,Adelaide,-34.9289,138.6011,South Australia,1345777,17.4,33.7,0,6.6,12.2
100062,30/10/2009,Adelaide,-34.9289,138.6011,South Australia,1345777,20.6,33.1,0,6.2,11.7
100063,31/10/2009,Adelaide,-34.9289,138.6011,South Australia,1345777,16,32.5,0,6.8,12.3
100064,1/11/2009,Adelaide,-34.9289,138.6011,South Australia,1345777,16.7,34.9,0,6.8,11.7
100065,2/11/2009,Adelaide,-34.9289,138.6011,South Australia,1345777,22.9,37.9,0,17.2,8
100066,3/11/2009,Adelaide,-34.9289,138.6011,South Australia,1345777,13,20,0.6,8.2,8.9
100067,4/11/2009,Adelaide,-34.9289,138.6011,South Australia,1345777,13.3,19.3,0,5.2,6.7
100068,5/11/2009,Adelaide,-34.9289,138.6011,South Australia,1345777,10.4,20.4,0,4.2,7.5
100069,6/11/2009,Adelaide,-34.9289,138.6011,South Australia,1345777,11.9,28.2,0,4.6,12.5
100070,7/11/2009,Adelaide,-34.9289,138.6011,South Australia,1345777,18.6,34.4,0,4.6,12.7
100071,8/11/2009,Adelaide,-34.9289,138.6011,South Australia,1345777,25.4,36.7,0,4.6,12.9
100072,9/11/2009,Adelaide,-34.9289,138.6011,South Australia,1345777,24.5,37,0,27.2,12.9
100073,10/11/2009,Adelaide,-34.9289,138.6011,South Australia,1345777,22.9,38.9,0,10.8,12.5
100074,11/11/2009,Adelaide,-34.9289,138.6011,South Australia,1345777,23.7,39.2,0,11.8,13
100075,12/11/2009,Adelaide,-34.9289,138.6011,South Australia,1345777,24.5,39.2,0,11.4,12.3
100076,13/11/2009,Adelaide,-34.9289,138.6011,South Australia,1345777,21.9,38.7,0,11,12.8
100077,14/11/2009,Adelaide,-34.9289,138.6011,South Australia,1345777,23.3,39.5,0,11,13.1
100078,15/11/2009,Adelaide,-34.9289,138.6011,South Australia,1345777,20.9,39.4,0,11,11.2
100079,16/11/2009,Adelaide,-34.9289,138.6011,South Australia,1345777,22.8,31.9,0,28.8,11.3
100080,17/11/2009,Adelaide,-34.9289,138.6011,South Australia,1345777,15.5,29,0,8.4,11.6
100081,18/11/2009,Adelaide,-34.9289,138.6011,South Australia,1345777,19.4,38.9,0,6.6,4.2
100082,19/11/2009,Adelaide,-34.9289,138.6011,South Australia,1345777,17.6,43,0,5.4,11.5
100083,20/11/2009,Adelaide,-34.9289,138.6011,South Australia,1345777,21.8,28.9,0,11.8,1.2
100084,21/11/2009,Adelaide,-34.9289,138.6011,South Australia,1345777,18.6,23.1,3,11.8,0.3
100085,22/11/2009,Adelaide,-34.9289,138.6011,South Australia,1345777,14.2,21,9,11.8,9.6
100086,23/11/2009,Adelaide,-34.9289,138.6011,South Australia,1345777,11.2,23.2,0,7.6,12.6
100087,24/11/2009,Adelaide,-34.9289,138.6011,South Australia,1345777,11.2,26.8,0,5,11.9
100088,25/11/2009,Adelaide,-34.9289,138.6011,South Australia,1345777,16.6,32,0,7.4,9.1
100089,26/11/2009,Adelaide,-34.9289,138.6011,South Australia,1345777,18.6,27.9,3.2,6.8,5.2
100090,27/11/2009,Adelaide,-34.9289,138.6011,South Australia,1345777,18.9,32.4,0,5.6,8.9
100091,28/11/2009,Adelaide,-34.9289,138.6011,South Australia,1345777,13.2,20.3,15,5.6,3.7
100092,29/11/2009,Adelaide,-34.9289,138.6011,South Australia,1345777,13.8,20.8,10.8,5.6,9.8
100093,30/11/2009,Adelaide,-34.9289,138.6011,South Australia,1345777,13.1,22.4,0.6,13.6,10.4
100094,1/12/2009,Adelaide,-34.9289,138.6011,South Australia,1345777,12.7,26.1,0,6,13.6
100095,2/12/2009,Adelaide,-34.9289,138.6011,South Australia,1345777,13.7,32.9,0,6.2,12.5
100096,3/12/2009,Adelaide,-34.9289,138.6011,South Australia,1345777,17.9,22.1,0,10.2,11.5
100097,4/12/2009,Adelaide,-34.9289,138.6011,South Australia,1345777,10.6,21.9,0,7.2,13.1
100098,5/12/2009,Adelaide,-34.9289,138.6011,South Australia,1345777,12.2,21.8,0,7.2,13
100099,6/12/2009,Adelaide,-34.9289,138.6011,South Australia,1345777,12.3,25.8,0,7.2,13.7
100100,7/12/2009,Adelaide,-34.9289,138.6011,South Australia,1345777,14.1,28.1,0,18.2,6
100101,8/12/2009,Adelaide,-34.9289,138.6011,South Australia,1345777,14,20.7,5.6,4,9.7
100102,9/12/2009,Adelaide,-34.9289,138.6011,South Australia,1345777,10.3,23,0,7,9.3
100103,10/12/2009,Adelaide,-34.9289,138.6011,South Australia,1345777,14.8,19.4,1.8,5.2,9
100104,11/12/2009,Adelaide,-34.9289,138.6011,South Australia,1345777,11.6,21.2,2.6,5.4,13
100105,12/12/2009,Adelaide,-34.9289,138.6011,South Australia,1345777,14,22.7,0,5.4,8
100106,13/12/2009,Adelaide,-34.9289,138.6011,South Australia,1345777,12.6,26.2,0,5.4,12.1
100107,14/12/2009,Adelaide,-34.9289,138.6011,South Australia,1345777,14.5,31.3,0,18.2,13.3
100108,15/12/2009,Adelaide,-34.9289,138.6011,South Australia,1345777,21.1,38.2,0,9.2,11.6
100109,16/12/2009,Adelaide,-34.9289,138.6011,South Australia,1345777,21.6,40.8,0,10,11.1
100110,17/12/2009,Adelaide,-34.9289,138.6011,South Australia,1345777,19.9,21.5,7.8,10.8,3.8
100111,18/12/2009,Adelaide,-34.9289,138.6011,South Australia,1345777,11.6,22.2,0.2,4,13.3
100112,19/12/2009,Adelaide,-34.9289,138.6011,South Australia,1345777,16.3,25,0,4,8.2
100113,20/12/2009,Adelaide,-34.9289,138.6011,South Australia,1345777,13,29.8,0,4,11.5
100114,21/12/2009,Adelaide,-34.9289,138.6011,South Australia,1345777,16,30.9,0,18.8,13
100115,22/12/2009,Adelaide,-34.9289,138.6011,South Australia,1345777,15.6,37.2,0,9.4,10.7
100116,23/12/2009,Adelaide,-34.9289,138.6011,South Australia,1345777,24.4,38.3,0,9.4,3.6
100117,24/12/2009,Adelaide,-34.9289,138.6011,South Australia,1345777,21.7,24.8,0.2,8,4.9
100118,25/12/2009,Adelaide,-34.9289,138.6011,South Australia,1345777,14.2,23.8,0,6.2,10.9
100119,26/12/2009,Adelaide,-34.9289,138.6011,South Australia,1345777,13,27.9,0,6.2,13.6
100120,27/12/2009,Adelaide,-34.9289,138.6011,South Australia,1345777,15.6,29.8,0,6.2,11.1
100121,28/12/2009,Adelaide,-34.9289,138.6011,South Australia,1345777,15.6,33.9,0,21.2,13.9
100122,29/12/2009,Adelaide,-34.9289,138.6011,South Australia,1345777,19.1,35.6,0,9.6,13.1
100123,30/12/2009,Adelaide,-34.9289,138.6011,South Australia,1345777,22.2,39.5,0,9.6,13.6
100124,31/12/2009,Adelaide,-34.9289,138.6011,South Australia,1345777,26.7,41.6,0,22.2,12.8
100125,1/01/2010,Adelaide,-34.9289,138.6011,South Australia,1345777,17.6,28.1,0,22.2,12.8
100126,2/01/2010,Adelaide,-34.9289,138.6011,South Australia,1345777,16.5,23.4,0,22.2,12.8
100127,3/01/2010,Adelaide,-34.9289,138.6011,South Australia,1345777,15.2,25.2,0,22.2,10.5
100128,4/01/2010,Adelaide,-34.9289,138.6011,South Australia,1345777,14.1,31.3,0,32.8,13.7
100129,5/01/2010,Adelaide,-34.9289,138.6011,South Australia,1345777,15.1,32,0,8,13.7
100130,6/01/2010,Adelaide,-34.9289,138.6011,South Australia,1345777,15.7,33.6,0,8.8,13.7
100131,7/01/2010,Adelaide,-34.9289,138.6011,South Australia,1345777,16.6,35.1,0,9.6,13.7
100132,8/01/2010,Adelaide,-34.9289,138.6011,South Australia,1345777,26.7,41,0,11.8,13.7
100133,9/01/2010,Adelaide,-34.9289,138.6011,South Australia,1345777,21.6,41.3,0,11.8,13.7
100134,10/01/2010,Adelaide,-34.9289,138.6011,South Australia,1345777,25.6,42,0,11.8,12.7
100135,11/01/2010,Adelaide,-34.9289,138.6011,South Australia,1345777,28.9,42.8,0,36,10.3
100136,12/01/2010,Adelaide,-34.9289,138.6011,South Australia,1345777,20.7,22.9,5,11.2,1.6
100137,13/01/2010,Adelaide,-34.9289,138.6011,South Australia,1345777,14.4,25.6,3.8,4.2,12.4
100138,14/01/2010,Adelaide,-34.9289,138.6011,South Australia,1345777,14,27.7,0,6.2,7.8
100139,15/01/2010,Adelaide,-34.9289,138.6011,South Australia,1345777,15.1,31.8,0,7.8,7.8
100140,16/01/2010,Adelaide,-34.9289,138.6011,South Australia,1345777,17.4,25,0,7.8,7.8
100141,17/01/2010,Adelaide,-34.9289,138.6011,South Australia,1345777,15.6,22.3,0,7.8,10.6
100142,18/01/2010,Adelaide,-34.9289,138.6011,South Australia,1345777,14.3,22.4,0,23.4,10.6
100143,19/01/2010,Adelaide,-34.9289,138.6011,South Australia,1345777,11.2,26.8,0,7,12.8
100144,20/01/2010,Adelaide,-34.9289,138.6011,South Australia,1345777,15.5,32.1,0,6.8,10.4
100145,21/01/2010,Adelaide,-34.9289,138.6011,South Australia,1345777,22,40.2,0,10.2,10.3
100146,22/01/2010,Adelaide,-34.9289,138.6011,South Australia,1345777,28.6,33.6,0,11.2,10.3
100147,23/01/2010,Adelaide,-34.9289,138.6011,South Australia,1345777,17.6,27.7,0,11.2,10.3
100148,24/01/2010,Adelaide,-34.9289,138.6011,South Australia,1345777,14.8,30.2,0,11.2,13.1
100149,25/01/2010,Adelaide,-34.9289,138.6011,South Australia,1345777,15.8,33.3,0,20,13.1
100150,26/01/2010,Adelaide,-34.9289,138.6011,South Australia,1345777,18.8,33.5,0,20,12.4
100151,27/01/2010,Adelaide,-34.9289,138.6011,South Australia,1345777,18.3,33.4,0,15.2,7.7
100152,28/01/2010,Adelaide,-34.9289,138.6011,South Australia,1345777,19.4,32.5,0.4,5.4,12.2
100153,29/01/2010,Adelaide,-34.9289,138.6011,South Australia,1345777,14.7,28.3,0,8.8,12.2
100154,30/01/2010,Adelaide,-34.9289,138.6011,South Australia,1345777,18.3,36.1,0,8.8,12.2
100155,31/01/2010,Adelaide,-34.9289,138.6011,South Australia,1345777,21,31.4,0,8.8,12.5
100156,1/02/2010,Adelaide,-34.9289,138.6011,South Australia,1345777,15.5,31.9,0,25.4,7.4
100157,2/02/2010,Adelaide,-34.9289,138.6011,South Australia,1345777,18.7,33.9,0,7.4,4.2
100158,3/02/2010,Adelaide,-34.9289,138.6011,South Australia,1345777,21.5,34.3,3,6.2,2.3
100159,4/02/2010,Adelaide,-34.9289,138.6011,South Australia,1345777,21.9,29.6,1,5.4,7.3
100160,5/02/2010,Adelaide,-34.9289,138.6011,South Australia,1345777,15.4,24.4,0,7.2,12.8
100161,6/02/2010,Adelaide,-34.9289,138.6011,South Australia,1345777,13.6,28.4,0,7.2,13
100162,7/02/2010,Adelaide,-34.9289,138.6011,South Australia,1345777,15.5,35,0,7.2,12.7
100163,8/02/2010,Adelaide,-34.9289,138.6011,South Australia,1345777,24,38.1,0,23.4,13
100164,9/02/2010,Adelaide,-34.9289,138.6011,South Australia,1345777,26.8,39,0,11.6,12.5
100165,10/02/2010,Adelaide,-34.9289,138.6011,South Australia,1345777,26,38.6,0,10.6,11.9
100166,11/02/2010,Adelaide,-34.9289,138.6011,South Australia,1345777,23.4,29,0,11,0.9
100167,12/02/2010,Adelaide,-34.9289,138.6011,South Australia,1345777,17.2,28.8,1.6,1.6,11.4
100168,13/02/2010,Adelaide,-34.9289,138.6011,South Australia,1345777,17.3,31,0,1.6,11
100169,14/02/2010,Adelaide,-34.9289,138.6011,South Australia,1345777,19.2,29.4,0,1.6,12.9
100170,15/02/2010,Adelaide,-34.9289,138.6011,South Australia,1345777,18.2,26.1,0,22.6,9.8
100171,16/02/2010,Adelaide,-34.9289,138.6011,South Australia,1345777,17.4,32.4,0,5.2,13
100172,17/02/2010,Adelaide,-34.9289,138.6011,South Australia,1345777,20.3,31.8,0,8,12.8
100173,18/02/2010,Adelaide,-34.9289,138.6011,South Australia,1345777,19.5,32.8,0,9.8,12.8
100174,19/02/2010,Adelaide,-34.9289,138.6011,South Australia,1345777,18.5,36.6,0,11.4,12.5
100175,20/02/2010,Adelaide,-34.9289,138.6011,South Australia,1345777,23.1,36.5,0,11.4,6.9
100176,21/02/2010,Adelaide,-34.9289,138.6011,South Australia,1345777,20.4,26.2,0,11.4,9.8
100177,22/02/2010,Adelaide,-34.9289,138.6011,South Australia,1345777,18.1,25.3,0,20.6,11.3
100178,23/02/2010,Adelaide,-34.9289,138.6011,South Australia,1345777,14.8,27.2,0,6.4,12.4
100179,24/02/2010,Adelaide,-34.9289,138.6011,South Australia,1345777,14.9,30.7,0,6.2,12.4
100180,25/02/2010,Adelaide,-34.9289,138.6011,South Australia,1345777,19.6,32.3,0,8.6,12
100181,26/02/2010,Adelaide,-34.9289,138.6011,South Australia,1345777,18.6,36.2,0,7.8,11.9
100182,27/02/2010,Adelaide,-34.9289,138.6011,South Australia,1345777,18.5,29.4,0,7.8,12.4
100183,28/02/2010,Adelaide,-34.9289,138.6011,South Australia,1345777,15.1,23.5,0,7.8,12.1
100184,1/03/2010,Adelaide,-34.9289,138.6011,South Australia,1345777,13.6,22.7,0,23.4,11.4
100185,2/03/2010,Adelaide,-34.9289,138.6011,South Australia,1345777,13.1,27.5,0,7.2,12.1
100186,3/03/2010,Adelaide,-34.9289,138.6011,South Australia,1345777,16.1,30.3,0,6.2,12.1
100187,4/03/2010,Adelaide,-34.9289,138.6011,South Australia,1345777,18.7,34,0,7,11.5
100188,5/03/2010,Adelaide,-34.9289,138.6011,South Australia,1345777,18,26,0,7.6,11.8
100189,6/03/2010,Adelaide,-34.9289,138.6011,South Australia,1345777,16.3,24.5,1.6,7.6,5.9
100190,7/03/2010,Adelaide,-34.9289,138.6011,South Australia,1345777,13.8,23.9,6.6,7.6,6
100191,8/03/2010,Adelaide,-34.9289,138.6011,South Australia,1345777,16.4,21.1,0.4,7.6,0.3
100192,9/03/2010,Adelaide,-34.9289,138.6011,South Australia,1345777,14.3,22,1.6,16.4,7.8
100193,10/03/2010,Adelaide,-34.9289,138.6011,South Australia,1345777,13.8,19.8,0,4.8,4.6
100194,11/03/2010,Adelaide,-34.9289,138.6011,South Australia,1345777,11.9,23,0,3.4,10.6
100195,12/03/2010,Adelaide,-34.9289,138.6011,South Australia,1345777,14.2,28.8,0,6,10.2
100196,13/03/2010,Adelaide,-34.9289,138.6011,South Australia,1345777,20.2,31.8,0,6,9.4
100197,14/03/2010,Adelaide,-34.9289,138.6011,South Australia,1345777,22.4,28.9,0,6,1.7
100198,15/03/2010,Adelaide,-34.9289,138.6011,South Australia,1345777,17.1,32.1,0,16,11.2
100199,16/03/2010,Adelaide,-34.9289,138.6011,South Australia,1345777,16.5,34.9,0,5.8,8.2
100200,17/03/2010,Adelaide,-34.9289,138.6011,South Australia,1345777,20.6,36,0,6.6,3.9
100201,18/03/2010,Adelaide,-34.9289,138.6011,South Australia,1345777,22.6,35.6,0,5.8,6.3
100202,19/03/2010,Adelaide,-34.9289,138.6011,South Australia,1345777,19,26.9,2.2,5.4,9.3
100203,20/03/2010,Adelaide,-34.9289,138.6011,South Australia,1345777,16,28.5,0,5.4,9.4
100204,21/03/2010,Adelaide,-34.9289,138.6011,South Australia,1345777,17.6,29.5,0.4,5.4,10.8
100205,22/03/2010,Adelaide,-34.9289,138.6011,South Australia,1345777,12.8,23.9,0,14.8,10.9
100206,23/03/2010,Adelaide,-34.9289,138.6011,South Australia,1345777,10.4,24.9,0,3.8,10.9
100207,24/03/2010,Adelaide,-34.9289,138.6011,South Australia,1345777,11.5,29.2,0,5,10.9
100208,25/03/2010,Adelaide,-34.9289,138.6011,South Australia,1345777,14.1,33.7,0,4,10.4
100209,26/03/2010,Adelaide,-34.9289,138.6011,South Australia,1345777,14.8,33.3,0,6,6.9
100210,27/03/2010,Adelaide,-34.9289,138.6011,South Australia,1345777,19.8,29.1,0,6,1.7
100211,28/03/2010,Adelaide,-34.9289,138.6011,South Australia,1345777,21,22.6,0.2,6,0
100212,29/03/2010,Adelaide,-34.9289,138.6011,South Australia,1345777,18.1,24.2,6,9.2,9.5
100213,30/03/2010,Adelaide,-34.9289,138.6011,South Australia,1345777,13.5,24.2,0,4.6,10.1
100214,31/03/2010,Adelaide,-34.9289,138.6011,South Australia,1345777,13.2,27,0,4.6,10.8
100215,1/04/2010,Adelaide,-34.9289,138.6011,South Australia,1345777,14.1,29,0,5,9.7
100216,2/04/2010,Adelaide,-34.9289,138.6011,South Australia,1345777,16.1,26.7,0,5,10.8
100217,3/04/2010,Adelaide,-34.9289,138.6011,South Australia,1345777,14.7,25,0,5,7.1
100218,4/04/2010,Adelaide,-34.9289,138.6011,South Australia,1345777,15.2,28.4,0,5,8.7
100219,5/04/2010,Adelaide,-34.9289,138.6011,South Australia,1345777,19.4,32.2,0,5,5.7
100220,6/04/2010,Adelaide,-34.9289,138.6011,South Australia,1345777,17.7,24.2,34,24.4,6.7
100221,7/04/2010,Adelaide,-34.9289,138.6011,South Australia,1345777,16.9,22.2,0.2,2.4,1
100222,8/04/2010,Adelaide,-34.9289,138.6011,South Australia,1345777,16.9,24.5,0,2.2,8
100223,9/04/2010,Adelaide,-34.9289,138.6011,South Australia,1345777,17.6,22.9,6,3.8,1.9
100224,10/04/2010,Adelaide,-34.9289,138.6011,South Australia,1345777,15.3,22.7,0.4,3.8,7.9
100225,11/04/2010,Adelaide,-34.9289,138.6011,South Australia,1345777,15.1,19.4,0.6,3.8,7.3
100226,12/04/2010,Adelaide,-34.9289,138.6011,South Australia,1345777,7.4,19.9,0,3.8,9.6
100227,13/04/2010,Adelaide,-34.9289,138.6011,South Australia,1345777,8.4,19.9,0,11.2,10.6
100228,14/04/2010,Adelaide,-34.9289,138.6011,South Australia,1345777,9.6,21.8,0,2.8,9.9
100229,15/04/2010,Adelaide,-34.9289,138.6011,South Australia,1345777,9.7,22.9,0,2.4,10.8
100230,16/04/2010,Adelaide,-34.9289,138.6011,South Australia,1345777,10.9,25,0,3.2,9.4
100231,17/04/2010,Adelaide,-34.9289,138.6011,South Australia,1345777,14,28.5,0,3.2,6.4
100232,18/04/2010,Adelaide,-34.9289,138.6011,South Australia,1345777,17.2,27.3,0.6,3.2,4.4
100233,19/04/2010,Adelaide,-34.9289,138.6011,South Australia,1345777,15.5,24.6,0.8,9.6,5.6
100234,20/04/2010,Adelaide,-34.9289,138.6011,South Australia,1345777,15.5,27.8,0,2.4,5.6
100235,21/04/2010,Adelaide,-34.9289,138.6011,South Australia,1345777,14.5,28.6,0,2.6,10.6
100236,22/04/2010,Adelaide,-34.9289,138.6011,South Australia,1345777,16.7,30.2,0,3.2,10.6
100237,23/04/2010,Adelaide,-34.9289,138.6011,South Australia,1345777,20.4,26,0,4.4,1
100238,24/04/2010,Adelaide,-34.9289,138.6011,South Australia,1345777,17.4,21.2,0,4.4,4.2
100239,25/04/2010,Adelaide,-34.9289,138.6011,South Australia,1345777,12.5,20,4.2,4.4,9.9
100240,26/04/2010,Adelaide,-34.9289,138.6011,South Australia,1345777,9.1,22.4,0,4.4,5.6
100241,27/04/2010,Adelaide,-34.9289,138.6011,South Australia,1345777,15.4,20.1,0.2,10,7.7
100242,28/04/2010,Adelaide,-34.9289,138.6011,South Australia,1345777,10.3,18.3,0,3,1.6
100243,29/04/2010,Adelaide,-34.9289,138.6011,South Australia,1345777,13.5,19.2,2.6,1.2,2.6
100244,30/04/2010,Adelaide,-34.9289,138.6011,South Australia,1345777,10.8,21.2,0,1.8,6.6
100245,1/05/2010,Adelaide,-34.9289,138.6011,South Australia,1345777,11.9,25.3,0,1.8,10.3
100246,2/05/2010,Adelaide,-34.9289,138.6011,South Australia,1345777,13.1,20.3,0,1.8,3
100247,3/05/2010,Adelaide,-34.9289,138.6011,South Australia,1345777,14.8,26.3,0,9.2,8
100248,4/05/2010,Adelaide,-34.9289,138.6011,South Australia,1345777,14.7,17.7,5.2,3,4.2
100249,5/05/2010,Adelaide,-34.9289,138.6011,South Australia,1345777,11.1,17.1,1.4,3,3.2
100250,6/05/2010,Adelaide,-34.9289,138.6011,South Australia,1345777,11.8,19.7,4.2,0.8,4.8
100251,7/05/2010,Adelaide,-34.9289,138.6011,South Australia,1345777,12.1,20,0,1.8,4
100252,8/05/2010,Adelaide,-34.9289,138.6011,South Australia,1345777,14.5,21.9,0.6,1.8,6.5
100253,9/05/2010,Adelaide,-34.9289,138.6011,South Australia,1345777,10.5,23.6,0,1.8,10.3
100254,10/05/2010,Adelaide,-34.9289,138.6011,South Australia,1345777,11.8,23.4,0,5.6,9.5
100255,11/05/2010,Adelaide,-34.9289,138.6011,South Australia,1345777,12.3,16.4,0,3.4,9.6
100256,12/05/2010,Adelaide,-34.9289,138.6011,South Australia,1345777,8.9,16.8,0,3.2,4.1
100257,13/05/2010,Adelaide,-34.9289,138.6011,South Australia,1345777,6,18.5,0,1.6,9.9
100258,14/05/2010,Adelaide,-34.9289,138.6011,South Australia,1345777,5.9,19.9,0,2,9.8
100259,15/05/2010,Adelaide,-34.9289,138.6011,South Australia,1345777,4.3,19.3,0,2,4
100260,16/05/2010,Adelaide,-34.9289,138.6011,South Australia,1345777,7,20.7,0,2,8.4
100261,17/05/2010,Adelaide,-34.9289,138.6011,South Australia,1345777,7,20.4,0,6.4,9.5
100262,18/05/2010,Adelaide,-34.9289,138.6011,South Australia,1345777,6.5,20.1,0,1.6,9.4
100263,19/05/2010,Adelaide,-34.9289,138.6011,South Australia,1345777,7.8,20.9,0,1,6
100264,20/05/2010,Adelaide,-34.9289,138.6011,South Australia,1345777,11.5,21,0,1.4,5
100265,21/05/2010,Adelaide,-34.9289,138.6011,South Australia,1345777,7.1,20.2,0,1.2,9.6
100266,22/05/2010,Adelaide,-34.9289,138.6011,South Australia,1345777,7,21.3,0,1.2,9.2
100267,23/05/2010,Adelaide,-34.9289,138.6011,South Australia,1345777,12.9,16.7,0,1.2,0.4
100268,24/05/2010,Adelaide,-34.9289,138.6011,South Australia,1345777,11.2,20.4,5,6.2,3.3
100269,25/05/2010,Adelaide,-34.9289,138.6011,South Australia,1345777,13.1,17.8,20,0.6,2
100270,26/05/2010,Adelaide,-34.9289,138.6011,South Australia,1345777,13.7,19.3,0.6,1.6,5.4
100271,27/05/2010,Adelaide,-34.9289,138.6011,South Australia,1345777,9.2,19.5,0,1.6,5.6
100272,28/05/2010,Adelaide,-34.9289,138.6011,South Australia,1345777,12.9,17.2,0,2.4,0
100273,29/05/2010,Adelaide,-34.9289,138.6011,South Australia,1345777,12.1,14.8,0,2.4,2.3
100274,30/05/2010,Adelaide,-34.9289,138.6011,South Australia,1345777,11.6,17,17.8,2.4,1.3
100275,31/05/2010,Adelaide,-34.9289,138.6011,South Australia,1345777,11.6,17.2,2,1.8,4.6
100276,1/06/2010,Adelaide,-34.9289,138.6011,South Australia,1345777,10.9,16.2,0,1.2,0.4
100277,2/06/2010,Adelaide,-34.9289,138.6011,South Australia,1345777,6.8,17.9,0.2,0.4,5.7
100278,3/06/2010,Adelaide,-34.9289,138.6011,South Australia,1345777,5.6,17.6,0,1.4,9.2
100279,4/06/2010,Adelaide,-34.9289,138.6011,South Australia,1345777,4.8,17,0,1,8.7
100280,5/06/2010,Adelaide,-34.9289,138.6011,South Australia,1345777,9.9,16.9,0,1,7.7
100281,6/06/2010,Adelaide,-34.9289,138.6011,South Australia,1345777,5.7,14.3,0.2,1,1.5
100282,7/06/2010,Adelaide,-34.9289,138.6011,South Australia,1345777,6.5,15.5,0.6,3,5.3
100283,8/06/2010,Adelaide,-34.9289,138.6011,South Australia,1345777,6.6,15.9,0.4,1.4,4.5
100284,9/06/2010,Adelaide,-34.9289,138.6011,South Australia,1345777,8.7,15.1,6.4,1.6,5.5
100285,10/06/2010,Adelaide,-34.9289,138.6011,South Australia,1345777,7.3,16.3,1.4,1.4,2.9
100286,11/06/2010,Adelaide,-34.9289,138.6011,South Australia,1345777,9.6,16.1,1.4,0.8,3.9
100287,12/06/2010,Adelaide,-34.9289,138.6011,South Australia,1345777,6.9,16,0,0.8,5.3
100288,13/06/2010,Adelaide,-34.9289,138.6011,South Australia,1345777,4.3,13.4,0,0.8,1.1
100289,14/06/2010,Adelaide,-34.9289,138.6011,South Australia,1345777,2.2,13.8,0,0.8,9.2
100290,15/06/2010,Adelaide,-34.9289,138.6011,South Australia,1345777,2.3,14,0,5,8.4
100291,16/06/2010,Adelaide,-34.9289,138.6011,South Australia,1345777,6.1,16.9,0,2,1
100292,17/06/2010,Adelaide,-34.9289,138.6011,South Australia,1345777,12,16.3,6.4,1.2,4.8
100293,18/06/2010,Adelaide,-34.9289,138.6011,South Australia,1345777,9.7,16.5,1,1.6,1.7
100294,19/06/2010,Adelaide,-34.9289,138.6011,South Australia,1345777,10.8,17,2.6,1.6,1.8
100295,20/06/2010,Adelaide,-34.9289,138.6011,South Australia,1345777,13.1,17.3,0.2,1.6,4
100296,21/06/2010,Adelaide,-34.9289,138.6011,South Australia,1345777,6.4,16.4,0.2,1.8,4.4
100297,22/06/2010,Adelaide,-34.9289,138.6011,South Australia,1345777,9.4,17.3,0,1.2,0.4
100298,23/06/2010,Adelaide,-34.9289,138.6011,South Australia,1345777,8.2,18.2,0,0.8,8.1
100299,24/06/2010,Adelaide,-34.9289,138.6011,South Australia,1345777,10.8,18.2,0,2,1.4
100300,25/06/2010,Adelaide,-34.9289,138.6011,South Australia,1345777,11.1,15.2,10.2,1,5.4
100301,26/06/2010,Adelaide,-34.9289,138.6011,South Australia,1345777,6.4,14.2,0.6,1,6.1
100302,27/06/2010,Adelaide,-34.9289,138.6011,South Australia,1345777,3.1,14.5,0.2,1,7.9
100303,28/06/2010,Adelaide,-34.9289,138.6011,South Australia,1345777,6.3,14.6,0,4.2,5
100304,29/06/2010,Adelaide,-34.9289,138.6011,South Australia,1345777,8.4,11.9,17,1.6,0.5
100305,30/06/2010,Adelaide,-34.9289,138.6011,South Australia,1345777,5.2,14,16.8,2,5.6
100306,1/07/2010,Adelaide,-34.9289,138.6011,South Australia,1345777,3.4,12,1,0.2,2
100307,2/07/2010,Adelaide,-34.9289,138.6011,South Australia,1345777,2.3,13.9,0,0.2,7.7
100308,3/07/2010,Adelaide,-34.9289,138.6011,South Australia,1345777,4.5,15.6,0,0.2,8.2
100309,4/07/2010,Adelaide,-34.9289,138.6011,South Australia,1345777,3,15,0,0.2,8.9
100310,5/07/2010,Adelaide,-34.9289,138.6011,South Australia,1345777,2.4,14.1,0,3.4,8
100311,6/07/2010,Adelaide,-34.9289,138.6011,South Australia,1345777,3,15,0,0.8,6.4
100312,7/07/2010,Adelaide,-34.9289,138.6011,South Australia,1345777,7.9,15.9,0,0.8,4.7
100313,8/07/2010,Adelaide,-34.9289,138.6011,South Australia,1345777,4.4,17,0,1.4,6.1
100314,9/07/2010,Adelaide,-34.9289,138.6011,South Australia,1345777,5.2,16.4,0,1,3.7
100315,10/07/2010,Adelaide,-34.9289,138.6011,South Australia,1345777,11,15.6,0,1,1.5
100316,11/07/2010,Adelaide,-34.9289,138.6011,South Australia,1345777,9.9,16.4,0,1,4.3
100317,12/07/2010,Adelaide,-34.9289,138.6011,South Australia,1345777,6.9,16.5,10,5.4,6.9
100318,13/07/2010,Adelaide,-34.9289,138.6011,South Australia,1345777,11.7,18.5,0,2,5.1
100319,14/07/2010,Adelaide,-34.9289,138.6011,South Australia,1345777,9.1,15.3,12.4,2.2,5.1
100320,15/07/2010,Adelaide,-34.9289,138.6011,South Australia,1345777,9.9,15.7,4.4,0.8,4.3
100321,16/07/2010,Adelaide,-34.9289,138.6011,South Australia,1345777,8.8,15.8,0,1.4,1.8
100322,17/07/2010,Adelaide,-34.9289,138.6011,South Australia,1345777,8.1,16.4,0,1.4,7.6
100323,18/07/2010,Adelaide,-34.9289,138.6011,South Australia,1345777,9.1,11.5,2,1.4,0
100324,19/07/2010,Adelaide,-34.9289,138.6011,South Australia,1345777,6.3,15.2,12.4,2.4,7.2
100325,20/07/2010,Adelaide,-34.9289,138.6011,South Australia,1345777,7,15,5.2,1,6.4
100326,21/07/2010,Adelaide,-34.9289,138.6011,South Australia,1345777,3.5,15.2,0.6,1,7.1
100327,22/07/2010,Adelaide,-34.9289,138.6011,South Australia,1345777,4.3,13.7,0,1,3.8
100328,23/07/2010,Adelaide,-34.9289,138.6011,South Australia,1345777,8.3,12.6,0,0.4,0
100329,24/07/2010,Adelaide,-34.9289,138.6011,South Australia,1345777,7,13.3,0,0.4,0
100330,25/07/2010,Adelaide,-34.9289,138.6011,South Australia,1345777,3.5,15.3,0,0.4,9.6
100331,26/07/2010,Adelaide,-34.9289,138.6011,South Australia,1345777,4.6,17.4,0,2.8,7.8
100332,27/07/2010,Adelaide,-34.9289,138.6011,South Australia,1345777,7.4,16.3,0,1.4,8.1
100333,28/07/2010,Adelaide,-34.9289,138.6011,South Australia,1345777,7,18.7,0,2.4,7.7
100334,29/07/2010,Adelaide,-34.9289,138.6011,South Australia,1345777,11.2,15.2,9.8,1.2,0.2
100335,30/07/2010,Adelaide,-34.9289,138.6011,South Australia,1345777,11.1,18.2,0.4,0.8,5.4
100336,31/07/2010,Adelaide,-34.9289,138.6011,South Australia,1345777,9.5,15.8,1.6,1.6,0.8
100337,1/08/2010,Adelaide,-34.9289,138.6011,South Australia,1345777,8.3,12.6,12.8,1.6,8.3
100338,2/08/2010,Adelaide,-34.9289,138.6011,South Australia,1345777,6.5,14.6,1.4,3.8,8.2
100339,3/08/2010,Adelaide,-34.9289,138.6011,South Australia,1345777,7.1,12.4,0,1.8,0
100340,4/08/2010,Adelaide,-34.9289,138.6011,South Australia,1345777,8.5,12.5,8.6,1,2.8
100341,5/08/2010,Adelaide,-34.9289,138.6011,South Australia,1345777,3.7,13.4,7.4,2.4,3.8
100342,6/08/2010,Adelaide,-34.9289,138.6011,South Australia,1345777,4.8,12.3,0.2,0.2,0.8
100343,7/08/2010,Adelaide,-34.9289,138.6011,South Australia,1345777,3.6,14.2,0,0.2,2.6
100344,8/08/2010,Adelaide,-34.9289,138.6011,South Australia,1345777,7.4,13.4,0,0.2,0.7
100345,9/08/2010,Adelaide,-34.9289,138.6011,South Australia,1345777,7.1,14,4.8,3,1.8
100346,10/08/2010,Adelaide,-34.9289,138.6011,South Australia,1345777,6.6,16.1,0.6,1,9.8
100347,11/08/2010,Adelaide,-34.9289,138.6011,South Australia,1345777,10.7,14.9,1.8,2.4,8
100348,12/08/2010,Adelaide,-34.9289,138.6011,South Australia,1345777,9.6,13.6,0.2,2.8,3
100349,13/08/2010,Adelaide,-34.9289,138.6011,South Australia,1345777,7.2,16.2,0.2,1.4,6.2
100350,14/08/2010,Adelaide,-34.9289,138.6011,South Australia,1345777,9.4,16.3,4,1.4,1.4
100351,15/08/2010,Adelaide,-34.9289,138.6011,South Australia,1345777,11,14,6.6,1.4,3.4
100352,16/08/2010,Adelaide,-34.9289,138.6011,South Australia,1345777,9.7,14.5,3.2,6,6.7
100353,17/08/2010,Adelaide,-34.9289,138.6011,South Australia,1345777,4.8,16.3,0,2,4.5
100354,18/08/2010,Adelaide,-34.9289,138.6011,South Australia,1345777,10.3,19.8,4.8,2.8,5.5
100355,19/08/2010,Adelaide,-34.9289,138.6011,South Australia,1345777,10,13.6,1.2,2.8,6
100356,20/08/2010,Adelaide,-34.9289,138.6011,South Australia,1345777,7.6,14.7,5.8,1.6,6
100357,21/08/2010,Adelaide,-34.9289,138.6011,South Australia,1345777,8,15.9,13,1.6,8.8
100358,22/08/2010,Adelaide,-34.9289,138.6011,South Australia,1345777,4,18.4,0,1.6,8.8
100359,23/08/2010,Adelaide,-34.9289,138.6011,South Australia,1345777,9.4,15.6,2.8,6.4,3
100360,24/08/2010,Adelaide,-34.9289,138.6011,South Australia,1345777,8.4,13,1.2,1,1.8
100361,25/08/2010,Adelaide,-34.9289,138.6011,South Australia,1345777,8.6,12.4,4.2,0.8,1.9
100362,26/08/2010,Adelaide,-34.9289,138.6011,South Australia,1345777,9,14.6,28.4,0.6,4.1
100363,27/08/2010,Adelaide,-34.9289,138.6011,South Australia,1345777,10.4,15.5,1,2,4.1
100364,28/08/2010,Adelaide,-34.9289,138.6011,South Australia,1345777,7.8,15.3,1,0,4.1
100365,29/08/2010,Adelaide,-34.9289,138.6011,South Australia,1345777,7.2,17.7,0,0,9.7
100366,30/08/2010,Adelaide,-34.9289,138.6011,South Australia,1345777,5.7,20.1,0,5.4,9.1
100367,31/08/2010,Adelaide,-34.9289,138.6011,South Australia,1345777,14.1,20.1,0,3.8,4.4
100368,1/09/2010,Adelaide,-34.9289,138.6011,South Australia,1345777,12.1,15.8,1.4,2.2,0
100369,2/09/2010,Adelaide,-34.9289,138.6011,South Australia,1345777,10.7,15.4,0.8,0.4,3.8
100370,3/09/2010,Adelaide,-34.9289,138.6011,South Australia,1345777,11.1,18.3,0.4,3,0.1
100371,4/09/2010,Adelaide,-34.9289,138.6011,South Australia,1345777,9.4,13.7,37.6,1.4,0
100372,5/09/2010,Adelaide,-34.9289,138.6011,South Australia,1345777,9,14.9,6.6,0,3.8
100373,6/09/2010,Adelaide,-34.9289,138.6011,South Australia,1345777,5.2,14.6,8.8,1.6,7.8
100374,7/09/2010,Adelaide,-34.9289,138.6011,South Australia,1345777,4.1,17.1,0,1.8,8.9
100375,8/09/2010,Adelaide,-34.9289,138.6011,South Australia,1345777,12.2,18.6,0,3.6,2.5
100376,9/09/2010,Adelaide,-34.9289,138.6011,South Australia,1345777,13.5,19.6,4,1.2,8.1
100377,10/09/2010,Adelaide,-34.9289,138.6011,South Australia,1345777,10.3,16.5,1.4,3.4,6.4
100378,11/09/2010,Adelaide,-34.9289,138.6011,South Australia,1345777,11.3,16.9,0,0,5
100379,12/09/2010,Adelaide,-34.9289,138.6011,South Australia,1345777,8.1,19.6,0,0,9.2
100380,13/09/2010,Adelaide,-34.9289,138.6011,South Australia,1345777,12.4,20.5,0,8.4,2.6
100381,14/09/2010,Adelaide,-34.9289,138.6011,South Australia,1345777,11.9,16.4,9.2,2.2,4.6
100382,15/09/2010,Adelaide,-34.9289,138.6011,South Australia,1345777,9.1,16.1,0.4,2.6,8.7
100383,16/09/2010,Adelaide,-34.9289,138.6011,South Australia,1345777,10.6,15.7,0.8,2.8,8.6
100384,17/09/2010,Adelaide,-34.9289,138.6011,South Australia,1345777,10.2,15.1,0,3.8,1
100385,18/09/2010,Adelaide,-34.9289,138.6011,South Australia,1345777,8.1,15.8,0,0,3.2
100386,19/09/2010,Adelaide,-34.9289,138.6011,South Australia,1345777,9.1,17.6,0,0,8.1
100387,20/09/2010,Adelaide,-34.9289,138.6011,South Australia,1345777,8.8,15.6,0,7.4,0.6
100388,21/09/2010,Adelaide,-34.9289,138.6011,South Australia,1345777,10,18,0,1.4,6.5
100389,22/09/2010,Adelaide,-34.9289,138.6011,South Australia,1345777,8.2,18.2,0,2.2,7.5
100390,23/09/2010,Adelaide,-34.9289,138.6011,South Australia,1345777,8.2,16.6,0,2.8,5.8
100391,24/09/2010,Adelaide,-34.9289,138.6011,South Australia,1345777,4.9,18.3,0,3,10.1
100392,25/09/2010,Adelaide,-34.9289,138.6011,South Australia,1345777,10.1,18.6,0,0,2.6
100393,26/09/2010,Adelaide,-34.9289,138.6011,South Australia,1345777,7.3,18.2,0,0,7.8
100394,27/09/2010,Adelaide,-34.9289,138.6011,South Australia,1345777,10.6,16.5,0,8,6.4
100395,28/09/2010,Adelaide,-34.9289,138.6011,South Australia,1345777,10.2,14.9,0.6,3,7.1
100396,29/09/2010,Adelaide,-34.9289,138.6011,South Australia,1345777,5.1,16,0.2,2.8,6.9
100397,30/09/2010,Adelaide,-34.9289,138.6011,South Australia,1345777,5.3,18.1,0,2.4,7.7
100398,1/10/2010,Adelaide,-34.9289,138.6011,South Australia,1345777,9.8,22.5,0,3.2,9.2
100399,2/10/2010,Adelaide,-34.9289,138.6011,South Australia,1345777,14.7,23.5,0,0,10.9
100400,3/10/2010,Adelaide,-34.9289,138.6011,South Australia,1345777,15.7,25.7,0,0,7.3
100401,4/10/2010,Adelaide,-34.9289,138.6011,South Australia,1345777,14.7,20,0,0,7.9
100402,5/10/2010,Adelaide,-34.9289,138.6011,South Australia,1345777,9,21,0,21.4,11.5
100403,6/10/2010,Adelaide,-34.9289,138.6011,South Australia,1345777,10.8,21.4,0,3.2,10.9
100404,7/10/2010,Adelaide,-34.9289,138.6011,South Australia,1345777,6.3,16.2,0,4.8,11.1
100405,8/10/2010,Adelaide,-34.9289,138.6011,South Australia,1345777,9.3,18.1,0,4.4,3.8
100406,9/10/2010,Adelaide,-34.9289,138.6011,South Australia,1345777,6.6,20.8,0,0,11.5
100407,10/10/2010,Adelaide,-34.9289,138.6011,South Australia,1345777,13.4,25.7,0,0,11.8
100408,11/10/2010,Adelaide,-34.9289,138.6011,South Australia,1345777,18.5,30,0,14.2,10.1
100409,12/10/2010,Adelaide,-34.9289,138.6011,South Australia,1345777,20.2,21.9,0,7.8,0
100410,13/10/2010,Adelaide,-34.9289,138.6011,South Australia,1345777,13.2,18.8,1.4,1,3
100411,14/10/2010,Adelaide,-34.9289,138.6011,South Australia,1345777,7.8,22.8,0.2,2.2,6.2
100412,15/10/2010,Adelaide,-34.9289,138.6011,South Australia,1345777,8.9,13.6,10.4,4,4.4
100413,16/10/2010,Adelaide,-34.9289,138.6011,South Australia,1345777,7.9,15.5,2,0,8.3
100414,17/10/2010,Adelaide,-34.9289,138.6011,South Australia,1345777,9.9,15.9,0.8,0,6.2
100415,18/10/2010,Adelaide,-34.9289,138.6011,South Australia,1345777,10.6,18.1,0.4,8.6,9
100416,19/10/2010,Adelaide,-34.9289,138.6011,South Australia,1345777,6.9,20,0,0,12.4
100417,20/10/2010,Adelaide,-34.9289,138.6011,South Australia,1345777,11.4,24.9,0,8.6,12.4
100418,21/10/2010,Adelaide,-34.9289,138.6011,South Australia,1345777,13,28.5,0,5,12.5
100419,22/10/2010,Adelaide,-34.9289,138.6011,South Australia,1345777,18.5,26.1,0,7.4,2.7
100420,23/10/2010,Adelaide,-34.9289,138.6011,South Australia,1345777,12.6,18.6,4,0,10.5
100421,24/10/2010,Adelaide,-34.9289,138.6011,South Australia,1345777,8.9,18.7,0,0,12.5
100422,25/10/2010,Adelaide,-34.9289,138.6011,South Australia,1345777,8.2,25.3,0,9.2,11.9
100423,26/10/2010,Adelaide,-34.9289,138.6011,South Australia,1345777,10.8,21.2,0,3.6,10.1
100424,27/10/2010,Adelaide,-34.9289,138.6011,South Australia,1345777,10,21.1,0,4.2,12.2
100425,28/10/2010,Adelaide,-34.9289,138.6011,South Australia,1345777,13.2,29.7,0,5.2,9
100426,29/10/2010,Adelaide,-34.9289,138.6011,South Australia,1345777,21,23.6,0,9.2,0.1
100427,30/10/2010,Adelaide,-34.9289,138.6011,South Australia,1345777,11.4,17.4,9.6,0,4.6
100428,31/10/2010,Adelaide,-34.9289,138.6011,South Australia,1345777,9.3,16.1,0.4,5,9.4
100429,1/11/2010,Adelaide,-34.9289,138.6011,South Australia,1345777,5.3,18,2.4,4.2,10.1
100430,2/11/2010,Adelaide,-34.9289,138.6011,South Australia,1345777,11.2,19.5,0.2,3.8,11.2
100431,3/11/2010,Adelaide,-34.9289,138.6011,South Australia,1345777,11.7,15.8,0,5.2,0.1
100432,4/11/2010,Adelaide,-34.9289,138.6011,South Australia,1345777,10.7,18.7,0,2,10.5
100433,5/11/2010,Adelaide,-34.9289,138.6011,South Australia,1345777,11,22.8,0,6,12.8
100434,6/11/2010,Adelaide,-34.9289,138.6011,South Australia,1345777,14.2,27.9,0,0,8.2
100435,7/11/2010,Adelaide,-34.9289,138.6011,South Australia,1345777,14.4,21,0.4,0,7.6
100436,8/11/2010,Adelaide,-34.9289,138.6011,South Australia,1345777,13.7,23.1,0,16,12.2
100437,9/11/2010,Adelaide,-34.9289,138.6011,South Australia,1345777,11.1,29.9,0,5.4,10.9
100438,10/11/2010,Adelaide,-34.9289,138.6011,South Australia,1345777,16.5,27.6,0,5.8,5.1
100439,11/11/2010,Adelaide,-34.9289,138.6011,South Australia,1345777,15.2,32.1,0,3.4,5
100440,12/11/2010,Adelaide,-34.9289,138.6011,South Australia,1345777,21.6,22.2,0,5.8,1
100441,13/11/2010,Adelaide,-34.9289,138.6011,South Australia,1345777,14.7,17.8,2.2,0,0
100442,14/11/2010,Adelaide,-34.9289,138.6011,South Australia,1345777,12.5,22.6,0.8,0,9.7
100443,15/11/2010,Adelaide,-34.9289,138.6011,South Australia,1345777,12.7,22.7,0,9.6,8
100444,16/11/2010,Adelaide,-34.9289,138.6011,South Australia,1345777,9.9,20.8,0,5,9.5
100445,17/11/2010,Adelaide,-34.9289,138.6011,South Australia,1345777,8.7,21.4,0,4.8,13.2
100446,18/11/2010,Adelaide,-34.9289,138.6011,South Australia,1345777,13.2,21.2,1,5.4,6.9
100447,19/11/2010,Adelaide,-34.9289,138.6011,South Australia,1345777,10.7,24.3,0.4,5.4,13
100448,20/11/2010,Adelaide,-34.9289,138.6011,South Australia,1345777,11.6,29,0,0,13.1
100449,21/11/2010,Adelaide,-34.9289,138.6011,South Australia,1345777,16.5,33.8,0,0,13
100450,22/11/2010,Adelaide,-34.9289,138.6011,South Australia,1345777,23.5,36.4,0,23.6,12.7
100451,23/11/2010,Adelaide,-34.9289,138.6011,South Australia,1345777,23.5,36.4,0,9.4,7.7
100452,24/11/2010,Adelaide,-34.9289,138.6011,South Australia,1345777,24.8,27.8,0,9.6,0.1
100453,25/11/2010,Adelaide,-34.9289,138.6011,South Australia,1345777,17.3,25.3,11.4,1.4,4.5
100454,26/11/2010,Adelaide,-34.9289,138.6011,South Australia,1345777,15.3,29.5,0,3.4,10.1
100455,27/11/2010,Adelaide,-34.9289,138.6011,South Australia,1345777,14.7,20.2,2.8,0,5.6
100456,28/11/2010,Adelaide,-34.9289,138.6011,South Australia,1345777,11.8,19.5,1.4,0,7.4
100457,29/11/2010,Adelaide,-34.9289,138.6011,South Australia,1345777,12.1,18.9,0.2,14.6,5.3
100458,30/11/2010,Adelaide,-34.9289,138.6011,South Australia,1345777,13.9,23.5,0,4.6,5.1
100459,1/12/2010,Adelaide,-34.9289,138.6011,South Australia,1345777,16.3,25.1,0,3.8,5.9
100460,2/12/2010,Adelaide,-34.9289,138.6011,South Australia,1345777,15.1,27.2,1.4,3.6,13.1
100461,3/12/2010,Adelaide,-34.9289,138.6011,South Australia,1345777,15.5,34.8,0,5.2,13.4
100462,4/12/2010,Adelaide,-34.9289,138.6011,South Australia,1345777,24.9,38.2,0,0,12.2
100463,5/12/2010,Adelaide,-34.9289,138.6011,South Australia,1345777,26.4,30.2,0,0,1.2
100464,6/12/2010,Adelaide,-34.9289,138.6011,South Australia,1345777,19.9,33.1,2.2,24.2,7.9
100465,7/12/2010,Adelaide,-34.9289,138.6011,South Australia,1345777,21.1,32.5,3.4,5.8,6
100466,8/12/2010,Adelaide,-34.9289,138.6011,South Australia,1345777,16.8,24.4,66.2,0,7.6
100467,9/12/2010,Adelaide,-34.9289,138.6011,South Australia,1345777,16.1,24.5,0,4.4,11.1
100468,10/12/2010,Adelaide,-34.9289,138.6011,South Australia,1345777,13.7,18.3,0.2,6.8,2
100469,11/12/2010,Adelaide,-34.9289,138.6011,South Australia,1345777,14.2,21.7,0.4,0,4.8
100470,12/12/2010,Adelaide,-34.9289,138.6011,South Australia,1345777,13.2,20.6,2.2,0,7.3
100471,13/12/2010,Adelaide,-34.9289,138.6011,South Australia,1345777,12.9,24.2,0,11.4,11.4
100472,14/12/2010,Adelaide,-34.9289,138.6011,South Australia,1345777,16.6,32.4,0,6.8,8.6
100473,15/12/2010,Adelaide,-34.9289,138.6011,South Australia,1345777,16.3,21.7,0,9.4,11.1
100474,16/12/2010,Adelaide,-34.9289,138.6011,South Australia,1345777,14,22.5,0,6.8,12.4
100475,17/12/2010,Adelaide,-34.9289,138.6011,South Australia,1345777,15.1,21.4,2.2,6.4,5.4
100476,18/12/2010,Adelaide,-34.9289,138.6011,South Australia,1345777,13.6,19.8,2.6,0,7.5
100477,19/12/2010,Adelaide,-34.9289,138.6011,South Australia,1345777,12.6,17.6,3.8,0,9.1
100478,20/12/2010,Adelaide,-34.9289,138.6011,South Australia,1345777,11.6,19.1,1.6,15,2.6
100479,21/12/2010,Adelaide,-34.9289,138.6011,South Australia,1345777,13.6,21.6,0.8,3.8,11.4
100480,22/12/2010,Adelaide,-34.9289,138.6011,South Australia,1345777,11.3,26.2,0,6.4,11.9
100481,23/12/2010,Adelaide,-34.9289,138.6011,South Australia,1345777,13.1,25.5,0,5.2,12.8
100482,24/12/2010,Adelaide,-34.9289,138.6011,South Australia,1345777,16.5,33.3,0,7.8,13.5
100483,25/12/2010,Adelaide,-34.9289,138.6011,South Australia,1345777,19.4,31.7,0,0,6.9
100484,26/12/2010,Adelaide,-34.9289,138.6011,South Australia,1345777,15.6,21.4,0,0,7.9
100485,27/12/2010,Adelaide,-34.9289,138.6011,South Australia,1345777,13.6,21.3,0,21.8,9.2
100486,28/12/2010,Adelaide,-34.9289,138.6011,South Australia,1345777,12.7,29.6,0,0,12.4
100487,29/12/2010,Adelaide,-34.9289,138.6011,South Australia,1345777,15.4,31.2,0,13,13.3
100488,30/12/2010,Adelaide,-34.9289,138.6011,South Australia,1345777,16.6,39.6,0,7.4,13.3
100489,31/12/2010,Adelaide,-34.9289,138.6011,South Australia,1345777,23.3,36.9,0,11.8,12.6
